Item Title,Publication Title,Book Series Title,Journal Volume,Journal Issue,Item DOI,Authors,Publication Year,URL,Content Type
"Text Retrieval Approaches for Concept Location in Source Code","Software Engineering","","","","10.1007/978-3-642-36054-1_5","Andrian MarcusSonia Haiduc","2013","http://link.springer.com/chapter/10.1007/978-3-642-36054-1_5","Chapter"
"Leveraging Source Code Search for Reuse","High Confidence Software Reuse in Large Systems","","","","10.1007/978-3-540-68073-4_38","Hans-Jörg HappelThomas SchusterPeter Szulman","2008","http://link.springer.com/chapter/10.1007/978-3-540-68073-4_38","Chapter"
"Natural Language-Based Software Analyses and Tools for Software Maintenance","Software Engineering","","","","10.1007/978-3-642-36054-1_4","Lori PollockK. Vijay-ShankerEmily HillGiriprasad SridharaDavid Shepherd","2013","http://link.springer.com/chapter/10.1007/978-3-642-36054-1_4","Chapter"
"Reuse-Oriented Code Recommendation Systems","Recommendation Systems in Software Engineering","","","","10.1007/978-3-642-45135-5_14","Werner JanjicOliver HummelColin Atkinson","2014","http://link.springer.com/chapter/10.1007/978-3-642-45135-5_14","Chapter"
"MOOGLE: a metamodel-based model search engine","Software & Systems Modeling","","11","2","10.1007/s10270-010-0167-7","Daniel LucrédioRenata P. de M. FortesJon Whittle","2012","http://link.springer.com/article/10.1007/s10270-010-0167-7","Article"
"Search in Source Code Based on Identifying Popular Fragments","SOFSEM 2013: Theory and Practice of Computer Science","","","","10.1007/978-3-642-35843-2_35","Eduard KuricMária Bieliková","2013","http://link.springer.com/chapter/10.1007/978-3-642-35843-2_35","Chapter"
"From Specification to Experimentation: A Software Component Search Engine Architecture","Component-Based Software Engineering","","","","10.1007/11783565_6","Vinicius Cardoso GarciaDaniel LucrédioFrederico Araujo DurãoEduardo Cruz Reis SantosEduardo Santana de AlmeidaRenata Pontin de Mattos FortesSilvio Romero de Lemos Meira","2006","http://link.springer.com/chapter/10.1007/11783565_6","Chapter"
"An Improved Method Level Bug Localization Approach Using Minimized Code Space","Evaluation of Novel Approaches to Software Engineering","","","","10.1007/978-3-319-56390-9_9","Shanto RahmanMd. Mostafijur RahmanKazi Sakib","2016","http://link.springer.com/chapter/10.1007/978-3-319-56390-9_9","Chapter"
"RESource: A Framework for Online Matching of Assembly with Open Source Code","Foundations and Practice of Security","","","","10.1007/978-3-642-37119-6_14","Ashkan RahimianPhilippe CharlandStere PredaMourad Debbabi","2013","http://link.springer.com/chapter/10.1007/978-3-642-37119-6_14","Chapter"
"Using the Web as a Reuse Repository","Reuse of Off-the-Shelf Components","","","","10.1007/11763864_22","Oliver HummelColin Atkinson","2006","http://link.springer.com/chapter/10.1007/11763864_22","Chapter"
"On the Synergy between Search-Based and Search-Driven Software Engineering","Search Based Software Engineering","","","","10.1007/978-3-642-39742-4_18","Colin AtkinsonMarcus KesselMarcus Schumacher","2013","http://link.springer.com/chapter/10.1007/978-3-642-39742-4_18","Chapter"
"Introducing Collaboration for Locating Features in Models: Approach and Industrial Evaluation","On the Move to Meaningful Internet Systems. OTM 2017 Conferences","","","","10.1007/978-3-319-69462-7_9","Francisca PérezAna C. MarcénRaúl LapeñaCarlos Cetina","2017","http://link.springer.com/chapter/10.1007/978-3-319-69462-7_9","Chapter"
"Conclave: Ontology-Driven Measurement of Semantic Relatedness between Source Code Elements and Problem Domain Concepts","Computational Science and Its Applications – ICCSA 2014","","","","10.1007/978-3-319-09153-2_9","Nuno Ramos CarvalhoJosé João AlmeidaPedro Rangel HenriquesMaria João Varanda Pereira","2014","http://link.springer.com/chapter/10.1007/978-3-319-09153-2_9","Chapter"
"Flow-Augmented Call Graph: A New Foundation for Taming API Complexity","Fundamental Approaches to Software Engineering","","","","10.1007/978-3-642-19811-3_27","Qirun ZhangWujie ZhengMichael R. Lyu","2011","http://link.springer.com/chapter/10.1007/978-3-642-19811-3_27","Chapter"
"On the influence of program constructs on bug localization effectiveness","Journal of Software Engineering Research and Development","","5","1","10.1186/s40411-017-0040-2","Marcelo GarnierIsabella FerreiraAlessandro Garcia","2017","http://link.springer.com/article/10.1186/s40411-017-0040-2","Article"
"Roundtable: Research Opportunities and Challenges for Large-Scale Software Systems","Journal of Computer Science and Technology","","31","5","10.1007/s11390-016-1668-9","Xusheng XiaoJian-Guang LouShan LuDavid C. ShepherdXin PengQian-Xiang Wang","2016","http://link.springer.com/article/10.1007/s11390-016-1668-9","Article"
"Improving the Effectiveness of Multimedia Summarization of Judicial Debates through Ontological Query Expansion","Advanced Information Systems Engineering Workshops","","","","10.1007/978-3-642-22056-2_48","E. FersiniF. Sartori","2011","http://link.springer.com/chapter/10.1007/978-3-642-22056-2_48","Chapter"
"Improving the Performance of Pipelined Query Processing with Skipping","Web Information Systems Engineering - WISE 2012","","","","10.1007/978-3-642-35063-4_1","Simon JonassenSvein Erik Bratsberg","2012","http://link.springer.com/chapter/10.1007/978-3-642-35063-4_1","Chapter"
"Inference Based Query Expansion Using User’s Real Time Implicit Feedback","Knowledge Discovery, Knowledge Engineering and Knowledge Management","","","","10.1007/978-3-642-29764-9_11","Sanasam Ranbir SinghHema A. MurthyTimothy A. Gonsalves","2013","http://link.springer.com/chapter/10.1007/978-3-642-29764-9_11","Chapter"
"Using Concept Lattices for Text Retrieval and Mining","Formal Concept Analysis","","","","10.1007/11528784_9","Claudio CarpinetoGiovanni Romano","2005","http://link.springer.com/chapter/10.1007/11528784_9","Chapter"
"MOOGLE: A Model Search Engine","Model Driven Engineering Languages and Systems","","","","10.1007/978-3-540-87875-9_22","Daniel LucrédioRenata P. de M. FortesJon Whittle","2008","http://link.springer.com/chapter/10.1007/978-3-540-87875-9_22","Chapter"
"Unified Multimodal Search Framework for Multimedia Information Retrieval","Advanced Techniques in Computing Sciences and Software Engineering","","","","10.1007/978-90-481-3660-5_22","Umer RashidIftikhar Azim NiazMuhammad Afzal Bhatti","2010","http://link.springer.com/chapter/10.1007/978-90-481-3660-5_22","Chapter"
"Overview Scrollbar: A Scrollbar Showing an Entire Document as an Overview","Human-Computer Interaction – INTERACT 2013","","","","10.1007/978-3-642-40498-6_51","Ko MizoguchiDaisuke SakamotoTakeo Igarashi","2013","http://link.springer.com/chapter/10.1007/978-3-642-40498-6_51","Chapter"
"A new indexing method based on word proximity for Chinese text retrieval","Journal of Computer Science and Technology","","15","3","10.1007/BF02948815","Lin DuYufang Sun","2000","http://link.springer.com/article/10.1007/BF02948815","Article"
"Improving Relevance of Keyword Extraction from the Web Utilizing Visual Style Information","SOFSEM 2013: Theory and Practice of Computer Science","","","","10.1007/978-3-642-35843-2_38","Milan LučanskýMarián Šimko","2013","http://link.springer.com/chapter/10.1007/978-3-642-35843-2_38","Chapter"
"Semantic Web Search System Founded on Case-Based Reasoning and Ontology Learning","Knowledge Discovery, Knowledge Engineering and Knowledge Management","","","","10.1007/978-3-642-29764-9_5","Hajer Baazaoui-ZghalNesrine Ben MustaphaManel Elloumi-ChaabeneAntonio MorenoDavid Sanchez","2013","http://link.springer.com/chapter/10.1007/978-3-642-29764-9_5","Chapter"
"A Continuous Query Processing Method in Broadcast Environments","Multimedia, Computer Graphics and Broadcasting","","","","10.1007/978-3-642-27186-1_45","Yonghun ParkKyoungsoo BokJaesoo Yoo","2011","http://link.springer.com/chapter/10.1007/978-3-642-27186-1_45","Chapter"
"Privacy-Enhancing Range Query Processing over Encrypted Cloud Databases","Web Information Systems Engineering – WISE 2015","","","","10.1007/978-3-319-26187-4_5","Jialin ChiCheng HongMin ZhangZhenfeng Zhang","2015","http://link.springer.com/chapter/10.1007/978-3-319-26187-4_5","Chapter"
"Knowledge Sifter: Agent-Based Ontology-Driven Search over Heterogeneous Databases Using Semantic Web Services","Semantics of a Networked World. Semantics for Grid Databases","","","","10.1007/978-3-540-30145-5_17","Larry KerschbergMizan ChowdhuryAlberto DamianoHanjo JeongScott MitchellJingwei SiStephen Smith","2004","http://link.springer.com/chapter/10.1007/978-3-540-30145-5_17","Chapter"
"An Improved Text Retrieval Algorithm Based on Suffix Tree Similarity Measure","Information Computing and Applications","","","","10.1007/978-3-642-16339-5_20","Cheng-hui HuangJian YinDong Han","2010","http://link.springer.com/chapter/10.1007/978-3-642-16339-5_20","Chapter"
"Chapter 8: Multimedia and Multimodal Information Retrieval","Search Computing","","","","10.1007/978-3-642-12310-8_8","Alessandro BozzonPiero Fraternali","2010","http://link.springer.com/chapter/10.1007/978-3-642-12310-8_8","Chapter"
"Toward a Web Search Personalization Approach Based on Temporal Context","Digital Information and Communication Technology and Its Applications","","","","10.1007/978-3-642-21984-9_4","Djalila BougharebNadir Farah","2011","http://link.springer.com/chapter/10.1007/978-3-642-21984-9_4","Chapter"
"A free-text retrieval index-server on a massively parallel machine","High-Performance Computing and Networking","","","","10.1007/BFb0020413","F. Richard Kroll","1994","http://link.springer.com/chapter/10.1007/BFb0020413","Chapter"
"Towards Perception Based Image Retrieval","Advances in Computer Science and Information Technology. Computer Science and Information Technology","","","","10.1007/978-3-642-27317-9_29","B. Mohammed ImranM. M. Sufyan Beg","2012","http://link.springer.com/chapter/10.1007/978-3-642-27317-9_29","Chapter"
"Improving Interoperability Using Query Interpretation in Semantic Vector Spaces","The Semantic Web: Research and Applications","","","","10.1007/978-3-540-68234-9_40","Anthony VentresqueSylvie CazalensPhilippe LamarrePatrick Valduriez","2008","http://link.springer.com/chapter/10.1007/978-3-540-68234-9_40","Chapter"
"Spoken versus Written Queries for Mobile Information Access","Mobile and Ubiquitous Information Access","","","","10.1007/978-3-540-24641-1_6","Heather DuFabio Crestani","2004","http://link.springer.com/chapter/10.1007/978-3-540-24641-1_6","Chapter"
"Cluster-Based Exploration for Effective Keyword Search over Semantic Datasets","Conceptual Modeling - ER 2009","","","","10.1007/978-3-642-04840-1_17","Roberto De VirgilioPaolo CappellariMichele Miscione","2009","http://link.springer.com/chapter/10.1007/978-3-642-04840-1_17","Chapter"
"Peer-to-Peer Full-Text Keyword Search of the Web","Networked Systems","","","","10.1007/978-3-319-26850-7_18","Sonia Gaied FantarHabib Youssef","2015","http://link.springer.com/chapter/10.1007/978-3-319-26850-7_18","Chapter"
"Finding Similar Queries to Satisfy Searches Based on Query Traces","Advances in Object-Oriented Information Systems","","","","10.1007/3-540-46105-1_24","Osmar R. ZaïaneAlexander Strilets","2002","http://link.springer.com/chapter/10.1007/3-540-46105-1_24","Chapter"
"Spatial Keyword Querying","Conceptual Modeling","","","","10.1007/978-3-642-34002-4_2","Xin CaoLisi ChenGao CongChristian S. JensenQiang QuAnders SkovsgaardDingming WuMan Lung Yiu","2012","http://link.springer.com/chapter/10.1007/978-3-642-34002-4_2","Chapter"
"Research on Ontology-Driven Information Retrieval","On the Move to Meaningful Internet Systems 2006: OTM 2006 Workshops","","","","10.1007/11915072_50","Stein L. Tomassen","2006","http://link.springer.com/chapter/10.1007/11915072_50","Chapter"
"An object-centered approach for manipulating hierarchically complex objects","Object Technologies for Advanced Software","","","","10.1007/3-540-57342-9_74","Ling Liu","1993","http://link.springer.com/chapter/10.1007/3-540-57342-9_74","Chapter"
"Search Support in Data Management Systems","Data Management in a Connected World","","","","10.1007/11499923_8","Andreas Henrich","2005","http://link.springer.com/chapter/10.1007/11499923_8","Chapter"
"Relationship-Based Top-K Concept Retrieval for Ontology Search","Knowledge Engineering and Knowledge Management","","","","10.1007/978-3-319-13704-9_37","Anila Sahar ButtArmin HallerLexing Xie","2014","http://link.springer.com/chapter/10.1007/978-3-319-13704-9_37","Chapter"
"EITH – A Unifying Representation for Database Schema and Application Code in Enterprise Knowledge Extraction","Conceptual Modeling - ER 2003","","","","10.1007/978-3-540-39648-2_36","Mark S. SchmalzJoachim HammerMingXi WuOguzhan Topsakal","2003","http://link.springer.com/chapter/10.1007/978-3-540-39648-2_36","Chapter"
"Exploring the Referral and Usage of Science Fiction in HCI Literature","Design, User Experience, and Usability: Designing Interactions","","","","10.1007/978-3-319-91803-7_2","Philipp JordanOmar MubinMohammad ObaidPaula Alexandra Silva","2018","http://link.springer.com/chapter/10.1007/978-3-319-91803-7_2","Chapter"
"Query Terms Abstraction Layers","On the Move to Meaningful Internet Systems 2006: OTM 2006 Workshops","","","","10.1007/11915072_85","Stein L. TomassenDarijus Strasunskas","2006","http://link.springer.com/chapter/10.1007/11915072_85","Chapter"
"Phrase Queries with Inverted + Direct Indexes","Web Information Systems Engineering – WISE 2014","","","","10.1007/978-3-319-11749-2_13","Kiril PanevKlaus Berberich","2014","http://link.springer.com/chapter/10.1007/978-3-319-11749-2_13","Chapter"
"Multi-Agent Based Web Search with Heterogeneous Semantics","Agent Computing and Multi-Agent Systems","","","","10.1007/978-3-642-01639-4_14","Rui HuangZhongzhi Shi","2009","http://link.springer.com/chapter/10.1007/978-3-642-01639-4_14","Chapter"
"Large Scale Rich Media Information Search: Challenges and Opportunities","Advances in Multimedia Information Processing - PCM 2010","","","","10.1007/978-3-642-15696-0_2","Zhiyong ChengJialie Shen","2010","http://link.springer.com/chapter/10.1007/978-3-642-15696-0_2","Chapter"
"The application of the comparable corpora in Chinese-English Cross-Lingual Information Retrieval","Journal of Computer Science and Technology","","16","4","10.1007/BF02948983","Lin DuYibo ZhangLe SunYufang Sun","2001","http://link.springer.com/article/10.1007/BF02948983","Article"
"A Pool of Topics: Interactive Relational Topic Visualization for Information Discovery","Visual Information Communication","","","","10.1007/978-1-4419-0312-9_13","Inessa SeifertMichael Kruppa","2010","http://link.springer.com/chapter/10.1007/978-1-4419-0312-9_13","Chapter"
"Centrality Indices for Web Search Engine Results Understanding","Model and Data Engineering","","","","10.1007/978-3-642-41366-7_5","Roberto De Virgilio","2013","http://link.springer.com/chapter/10.1007/978-3-642-41366-7_5","Chapter"
"Supporting Framework Use via Automatically Extracted Concept-Implementation Templates","ECOOP 2009 – Object-Oriented Programming","","","","10.1007/978-3-642-03013-0_16","Abbas HeydarnooriKrzysztof CzarneckiThiago Tonelli Bartolomei","2009","http://link.springer.com/chapter/10.1007/978-3-642-03013-0_16","Chapter"
"Database Selection and Result Merging in P2P Web Search","Databases, Information Systems, and Peer-to-Peer Computing","","","","10.1007/978-3-540-71661-7_3","Sergey ChernovPavel SerdyukovMatthias BenderSebastian MichelGerhard WeikumChristian Zimmer","2007","http://link.springer.com/chapter/10.1007/978-3-540-71661-7_3","Chapter"
"Voronoi diagrams of moving points in the plane","Foundations of Software Technology and Theoretical Computer Science","","","","10.1007/3-540-53487-3_49","Jyh-Jong FuR. C. T. Lee","1990","http://link.springer.com/chapter/10.1007/3-540-53487-3_49","Chapter"
"The Dynamic Web Presentations with a Generality Model on the News Domain","SOFSEM 2008: Theory and Practice of Computer Science","","","","10.1007/978-3-540-77566-9_65","Hyun Woong ShinEduard HovyDennis McLeod","2008","http://link.springer.com/chapter/10.1007/978-3-540-77566-9_65","Chapter"
"Beomap: Ad Hoc Topic Maps for Enhanced Exploration of Social Media Data","Engineering the Web in the Big Data Era","","","","10.1007/978-3-319-19890-3_14","Martin LeginusChengXiang ZhaiPeter Dolog","2015","http://link.springer.com/chapter/10.1007/978-3-319-19890-3_14","Chapter"
"Data management in Peer-to-Peer environment: A perspective of BestPeer","Journal of Computer Science and Technology","","18","4","10.1007/BF02948919","AoYing ZhouWeiNing QianShuiGeng ZhouBo LingLinHao XuSiong Ng WeeChin Ooi BengKian-Lee Tan","2003","http://link.springer.com/article/10.1007/BF02948919","Article"
"PowerDB-XML: A Platform for Data–Centric and Document–Centric XML Processing","Database and XML Technologies","","","","10.1007/978-3-540-39429-7_7","Torsten GrabsHans-Jörg Schek","2003","http://link.springer.com/chapter/10.1007/978-3-540-39429-7_7","Chapter"
"Modeling Uncertainty in Object-Oriented Databases","Incompleteness and Uncertainty in Information Systems","","","","10.1007/978-1-4471-3242-4_5","Fereidoon Sadri","1994","http://link.springer.com/chapter/10.1007/978-1-4471-3242-4_5","Chapter"
"Concept Search","The Semantic Web: Research and Applications","","","","10.1007/978-3-642-02121-3_33","Fausto GiunchigliaUladzimir KharkevichIlya Zaihrayeu","2009","http://link.springer.com/chapter/10.1007/978-3-642-02121-3_33","Chapter"
"On the role of semantics in automated requirements tracing","Requirements Engineering","","20","3","10.1007/s00766-013-0199-y","Anas MahmoudNan Niu","2015","http://link.springer.com/article/10.1007/s00766-013-0199-y","Article"
"Cluster Recovery for Fault Tolerance of Spatial Database Cluster in Sensor Networks","Parallel and Distributed Processing and Applications","","","","10.1007/978-3-540-74742-0_37","Byeong-Seob YouGyung-Bae KimHae-Young Bae","2007","http://link.springer.com/chapter/10.1007/978-3-540-74742-0_37","Chapter"
"Performance of Annotation-Based Image Retrieval","Networked Digital Technologies","","","","10.1007/978-3-642-22185-9_22","Phani KidambiMary FendleyS. Narayanan","2011","http://link.springer.com/chapter/10.1007/978-3-642-22185-9_22","Chapter"
"Semantics and Machine Learning: A New Generation of Court Management Systems","Knowledge Discovery, Knowledge Engineering and Knowledge Management","","","","10.1007/978-3-642-29764-9_26","E. FersiniE. MessinaF. ArchettiM. Cislaghi","2013","http://link.springer.com/chapter/10.1007/978-3-642-29764-9_26","Chapter"
"A Review on the Variants of Information Retrieval","Trends in Network and Communications","","","","10.1007/978-3-642-22543-7_63","Pothula SujathaP. Dhavachelvan","2011","http://link.springer.com/chapter/10.1007/978-3-642-22543-7_63","Chapter"
"A Formal Concept Analysis-Based Domain-Specific Thesaurus and Its Application in Document Representation","Computational Science and Its Applications – ICCSA 2010","","","","10.1007/978-3-642-12179-1_36","Jihn-Chang JehngShihchieh ChouChin-Yi Cheng","2010","http://link.springer.com/chapter/10.1007/978-3-642-12179-1_36","Chapter"
"Intuitionistic Interpretation of Deductive Databases with Incomplete Information","Formal Methods in Databases and Software Engineering","","","","10.1007/978-1-4471-3213-4_11","Fangqing DongLaks V. S. Lakshmanan","1993","http://link.springer.com/chapter/10.1007/978-1-4471-3213-4_11","Chapter"
"A universal relation model for a single nested relation","The Nested Universal Relation Database Model","","","","10.1007/3-540-55493-9_6","","1992","http://link.springer.com/chapter/10.1007/3-540-55493-9_6","Chapter"
"Supporting Agile Reuse Through Extreme Harvesting","Agile Processes in Software Engineering and Extreme Programming","","","","10.1007/978-3-540-73101-6_5","Oliver HummelColin Atkinson","2007","http://link.springer.com/chapter/10.1007/978-3-540-73101-6_5","Chapter"
"Entity-Centric Search for Enterprise Services","Service-Oriented Computing","","","","10.1007/978-3-642-45005-1_28","Marcus RoyIngo WeberBoualem Benatallah","2013","http://link.springer.com/chapter/10.1007/978-3-642-45005-1_28","Chapter"
"A Model-Based Approach to Semantic-Based Retrieval of Visual Information","SOFSEM 2002: Theory and Practice of Informatics","","","","10.1007/3-540-36137-5_9","Forouzan GolshaniYoungchoon ParkSethuraman Panchanathan","2002","http://link.springer.com/chapter/10.1007/3-540-36137-5_9","Chapter"
"PQL: A language for specifying abstract program views","Software Engineering — ESEC '95","","","","10.1007/3-540-60406-5_23","Stan Jarzabek","1995","http://link.springer.com/chapter/10.1007/3-540-60406-5_23","Chapter"
"Research on Web Articles Retrieval Based on N-VSM","Information Computing and Applications","","","","10.1007/978-3-642-16339-5_60","Hongcan YanXiaobin LiuJian Wang","2010","http://link.springer.com/chapter/10.1007/978-3-642-16339-5_60","Chapter"
"Natix: A Technology Overview","Web, Web-Services, and Database Systems","","","","10.1007/3-540-36560-5_2","Thorsten FiebigSven HelmerCarl-Christian KanneGuido MoerkotteJulia NeumannRobert SchieleTill Westmann","2003","http://link.springer.com/chapter/10.1007/3-540-36560-5_2","Chapter"
"Adaptive Processing for Continuous Query over Data Stream","Parallel and Distributed Processing and Applications","","","","10.1007/978-3-540-74742-0_33","Misook BaeBuhyun HwangJiseung Nam","2007","http://link.springer.com/chapter/10.1007/978-3-540-74742-0_33","Chapter"
"Mining Generalized Association Rules on Biomedical Literature","Innovations in Applied Artificial Intelligence","","","","10.1007/11504894_68","Margherita BerardiMichele LapiPietro LeoCorrado Loglisci","2005","http://link.springer.com/chapter/10.1007/11504894_68","Chapter"
"Reuse of verified design templates through extended pattern matching","FME '97: Industrial Applications and Strengthened Foundations of Formal Methods","","","","10.1007/3-540-63533-5_26","David HemerPeter A. Lindsay","1997","http://link.springer.com/chapter/10.1007/3-540-63533-5_26","Chapter"
"HPRD: A High Performance RDF Database","Network and Parallel Computing","","","","10.1007/978-3-540-74784-0_37","Liu BaolinHu Bo","2007","http://link.springer.com/chapter/10.1007/978-3-540-74784-0_37","Chapter"
"Estimating the Influence of Documents in IR Systems: A Marked Indexing Approach","Computational Science and Its Applications – ICCSA 2010","","","","10.1007/978-3-642-12189-0_23","Ye WangYi HanTianbo Lu","2010","http://link.springer.com/chapter/10.1007/978-3-642-12189-0_23","Chapter"
"Processing complex similarity queries with distance-based access methods","Advances in Database Technology — EDBT'98","","","","10.1007/BFb0100974","Paolo CiacciaMarco PatellaPavel Zezula","1998","http://link.springer.com/chapter/10.1007/BFb0100974","Chapter"
"Using visual ER query systems in real world applications","Advanced Information Systems Engineering","","","","10.1007/3-540-58113-8_185","Peter Rosengren","1994","http://link.springer.com/chapter/10.1007/3-540-58113-8_185","Chapter"
"The YPA – An Assistant for Classified Directory Enquiries","Intelligent Systems and Soft Computing","","","","10.1007/10720181_10","Anne De RoeckUdo KruschwitzPaul ScottSam SteelRay TurnerNick Webb","2000","http://link.springer.com/chapter/10.1007/10720181_10","Chapter"
"Research on Image Emotional Semantic Retrieval Mechanism Based on Cognitive Quantification Model","Design, User Experience, and Usability: Understanding Users and Contexts","","","","10.1007/978-3-319-58640-3_10","Tian LiangLiqun ZhangMin Xie","2017","http://link.springer.com/chapter/10.1007/978-3-319-58640-3_10","Chapter"
"Indexing XML Data for Path Expression Queries","Software Engineering Research and Applications","","","","10.1007/978-3-540-24675-6_26","Gongzhu HuChunxia Tang","2004","http://link.springer.com/chapter/10.1007/978-3-540-24675-6_26","Chapter"
"DLPR: A Distributed Locality Preserving Dimension Reduction Algorithm","Internet and Distributed Computing Systems","","","","10.1007/978-3-642-34883-9_8","Mina GhashamiHoda MashayekhiJafar Habibi","2012","http://link.springer.com/chapter/10.1007/978-3-642-34883-9_8","Chapter"
"AquaLog: An Ontology-Portable Question Answering System for the Semantic Web","The Semantic Web: Research and Applications","","","","10.1007/11431053_37","Vanessa LopezMichele PasinEnrico Motta","2005","http://link.springer.com/chapter/10.1007/11431053_37","Chapter"
"DeFacto - Deep Fact Validation","The Semantic Web – ISWC 2012","","","","10.1007/978-3-642-35176-1_20","Jens LehmannDaniel GerberMohamed MorseyAxel-Cyrille Ngonga Ngomo","2012","http://link.springer.com/chapter/10.1007/978-3-642-35176-1_20","Chapter"
"A Complete-Computerised Delphi Process with a Multi-Agent System","Programming Multi-Agent Systems","","","","10.1007/978-3-642-03278-3_8","Iván García-MagariñoJorge J. Gómez-SanzJosé R. Pérez-Agüera","2009","http://link.springer.com/chapter/10.1007/978-3-642-03278-3_8","Chapter"
"Aggregate Operations in the Information Source Tracking Method","Formal Methods in Databases and Software Engineering","","","","10.1007/978-1-4471-3213-4_2","Fereidoon Sadri","1993","http://link.springer.com/chapter/10.1007/978-1-4471-3213-4_2","Chapter"
"Dimensions and Metrics for Evaluating Recommendation Systems","Recommendation Systems in Software Engineering","","","","10.1007/978-3-642-45135-5_10","Iman AvazpourTeerat PitakratLars GrunskeJohn Grundy","2014","http://link.springer.com/chapter/10.1007/978-3-642-45135-5_10","Chapter"
"Ranked Reverse Boolean Spatial Keyword Nearest Neighbors Search","Web Information Systems Engineering – WISE 2015","","","","10.1007/978-3-319-26190-4_7","Hailin FangPengpeng ZhaoVictor S. ShengZhixu LiJiajie XuJian WuZhiming Cui","2015","http://link.springer.com/chapter/10.1007/978-3-319-26190-4_7","Chapter"
"Chinese question-answering system","Journal of Computer Science and Technology","","19","4","10.1007/BF02944749","Gai-Tai HuangHsiu-Hsen Yao","2004","http://link.springer.com/article/10.1007/BF02944749","Article"
"D2R2: Disk-Oriented Deductive Reasoning in a RISC-Style RDF Engine","Rule-Based Modeling and Computing on the Semantic Web","","","","10.1007/978-3-642-24908-2_14","Mohamed YahyaMartin Theobald","2011","http://link.springer.com/chapter/10.1007/978-3-642-24908-2_14","Chapter"
"Benchmarking","Recommendation Systems in Software Engineering","","","","10.1007/978-3-642-45135-5_11","Alan SaidDomonkos TikkPaolo Cremonesi","2014","http://link.springer.com/chapter/10.1007/978-3-642-45135-5_11","Chapter"
"Structured Collaborative Tagging: Is It Practical for Web Service Discovery?","Web Information Systems and Technologies","","","","10.1007/978-3-642-22810-0_6","Maciej GawineckiGiacomo CabriMarcin PaprzyckiMaria Ganzha","2011","http://link.springer.com/chapter/10.1007/978-3-642-22810-0_6","Chapter"
"On the Convergence of Structured Search, Information Retrieval and Trust Management in Distributed Systems","Multiagent System Technologies","","","","10.1007/11550648_1","Karl AbererPhilippe Cudré-MaurouxZoran Despotovic","2005","http://link.springer.com/chapter/10.1007/11550648_1","Chapter"
"Evaluating k Nearest Neighbor Query on Road Networks with no Information Leakage","Web Information Systems Engineering – WISE 2015","","","","10.1007/978-3-319-26190-4_34","Lu WangRuxia MaXiaofeng Meng","2015","http://link.springer.com/chapter/10.1007/978-3-319-26190-4_34","Chapter"
"EQL: Event Query Language for the Sharing of Internet-of-Things Infrastructure and Collaborative Applications Development","Service-Oriented Computing – ICSOC 2016 Workshops","","","","10.1007/978-3-319-68136-8_6","Kutalmış AkpınarKien A. Hua","2017","http://link.springer.com/chapter/10.1007/978-3-319-68136-8_6","Chapter"
"Data Intensive Supercomputing Solutions","Big Data Technologies and Applications","","","","10.1007/978-3-319-44550-2_10","Anthony M. Middleton","2016","http://link.springer.com/chapter/10.1007/978-3-319-44550-2_10","Chapter"
"InfoHarness: Use of automatically generated metadata for search and retrieval of heterogeneous information","Advanced Information Systems Engineering","","","","10.1007/3-540-59498-1_248","Leon ShklarAmit ShethVipul KashyapKshitij Shah","1995","http://link.springer.com/chapter/10.1007/3-540-59498-1_248","Chapter"
"Introduction","The Nested Universal Relation Database Model","","","","10.1007/3-540-55493-9_1","","1992","http://link.springer.com/chapter/10.1007/3-540-55493-9_1","Chapter"
"A Search Tool Using Genetic Algorithm","Information Technology and Mobile Communication","","","","10.1007/978-3-642-20573-6_22","M. K. ThanujaC. Mala","2011","http://link.springer.com/chapter/10.1007/978-3-642-20573-6_22","Chapter"
"Automatic document classification based on latent semantic analysis","Programming and Computer Software","","26","4","10.1007/BF02759469","I. KuralenokI. Nekrest'yanov","2000","http://link.springer.com/article/10.1007/BF02759469","Article"
"Reverse Furthest Neighbors Query in Road Networks","Journal of Computer Science and Technology","","32","1","10.1007/s11390-017-1711-5","Xiao-Jun XuJin-Song BaoBin YaoJing-Yu ZhouFei-Long TangMin-Yi GuoJian-Qiu Xu","2017","http://link.springer.com/article/10.1007/s11390-017-1711-5","Article"
"Query Performance Prediction for Information Retrieval Based on Covering Topic Score","Journal of Computer Science and Technology","","23","4","10.1007/s11390-008-9155-6","Hao LangBin WangGareth JonesJin-Tao LiFan DingYi-Xuan Liu","2008","http://link.springer.com/article/10.1007/s11390-008-9155-6","Article"
"Summarizing Software Artifacts: A Literature Review","Journal of Computer Science and Technology","","31","5","10.1007/s11390-016-1671-1","Najam NazarYan HuHe Jiang","2016","http://link.springer.com/article/10.1007/s11390-016-1671-1","Article"
"A Profile-Based Aggregation Model in a Peer-To-Peer Information Retrieval System","Data Management in Grid and Peer-to-Peer Systems","","","","10.1007/978-3-642-15108-8_13","Rim MghirbiKhedija ArourYahya SlimaniBruno Defude","2010","http://link.springer.com/chapter/10.1007/978-3-642-15108-8_13","Chapter"
"XQuery Processing with Relevance Ranking","Database and XML Technologies","","","","10.1007/978-3-540-30081-6_5","Leonidas Fegaras","2004","http://link.springer.com/chapter/10.1007/978-3-540-30081-6_5","Chapter"
"Two Variations on Ontology Alignment Evaluation: Methodological Issues","The Semantic Web: Research and Applications","","","","10.1007/978-3-540-68234-9_30","Laura HollinkMark van AssemShenghui WangAntoine IsaacGuus Schreiber","2008","http://link.springer.com/chapter/10.1007/978-3-540-68234-9_30","Chapter"
"A Study of Concurrency Bugs in an Open Source Software","Open Source Systems: Integrating Communities","","","","10.1007/978-3-319-39225-7_2","Sara Abbaspour AsadollahDaniel SundmarkSigrid EldhHans  HanssonEduard Paul Enoiu","2016","http://link.springer.com/chapter/10.1007/978-3-319-39225-7_2","Chapter"
"Symbolic Automata for Static Specification Mining","Static Analysis","","","","10.1007/978-3-642-38856-9_6","Hila PelegSharon ShohamEran YahavHongseok Yang","2013","http://link.springer.com/chapter/10.1007/978-3-642-38856-9_6","Chapter"
"Chapter 15: Search Computing and the Life Sciences","Search Computing","","","","10.1007/978-3-642-12310-8_15","Marco MasseroliNorman W. PatonIrena Spasić","2010","http://link.springer.com/chapter/10.1007/978-3-642-12310-8_15","Chapter"
"The Scenario-Oriented Method for Recording and Playing-Back Healthcare Information","ENTERprise Information Systems","","","","10.1007/978-3-642-24352-3_19","Yi DingBing WuErqiang ZhouJianfeng Wu","2011","http://link.springer.com/chapter/10.1007/978-3-642-24352-3_19","Chapter"
"HySpirit — A probabilistic inference engine for hypermedia retrieval in large databases","Advances in Database Technology — EDBT'98","","","","10.1007/BFb0100975","Norbert FuhrThomas Rölleke","1998","http://link.springer.com/chapter/10.1007/BFb0100975","Chapter"
"Towards New Architectures for Distributed Autonomous Database Applications","Security and Persistence","","","","10.1007/978-1-4471-3178-6_25","Malcolm AtkinsonAndrew England","1990","http://link.springer.com/chapter/10.1007/978-1-4471-3178-6_25","Chapter"
"The processing and improvement of multi-statement queries in Chiql","Journal of Computer Science and Technology","","13","2","10.1007/BF02946604","Xiaofeng MengKam-Fai WongSuen Man YipVincent LumShan Wang","1998","http://link.springer.com/article/10.1007/BF02946604","Article"
"Annotated RDF","The Semantic Web: Research and Applications","","","","10.1007/11762256_36","Octavian UdreaDiego Reforgiato RecuperoV. S. Subrahmanian","2006","http://link.springer.com/chapter/10.1007/11762256_36","Chapter"
"Enhanced Search in Peer-to-Peer Networks Using Fuzzy Logic","Distributed Computing and Internet Technology","","","","10.1007/978-3-642-11659-9_21","Sirish Kumar BalagaK. HaribabuChittaranjan Hota","2010","http://link.springer.com/chapter/10.1007/978-3-642-11659-9_21","Chapter"
"Adaptive Classification of Web Documents to Users Interests","Advances in Informatics","","","","10.1007/3-540-38076-0_10","George Potamias","2003","http://link.springer.com/chapter/10.1007/3-540-38076-0_10","Chapter"
"Improving Web Search by Categorization, Clustering, and Personalization","Advanced Data Mining and Applications","","","","10.1007/978-3-540-88192-6_69","Dengya ZhuHeinz Dreher","2008","http://link.springer.com/chapter/10.1007/978-3-540-88192-6_69","Chapter"
"Hybrid Reasoning for Web Services Discovery","Resource Discovery","","","","10.1007/978-3-642-27392-6_11","Mohamed QuafafouOmar BoucelmaYacine SamZahi Jarir","2012","http://link.springer.com/chapter/10.1007/978-3-642-27392-6_11","Chapter"
"A Simple Probability Based Term Weighting Scheme for Automated Text Classification","New Trends in Applied Artificial Intelligence","","","","10.1007/978-3-540-73325-6_4","Ying LiuHan Tong Loh","2007","http://link.springer.com/chapter/10.1007/978-3-540-73325-6_4","Chapter"
"Performance Analysis of Mobile Systems","Formal Methods for Mobile Computing","","","","10.1007/11419822_4","Vincenzo Grassi","2005","http://link.springer.com/chapter/10.1007/11419822_4","Chapter"
"An Architecture for the UniFrame Resource Discovery Service","Software Engineering and Middleware","","","","10.1007/3-540-38093-0_2","Nanditha N. SiramRajeev R. RajeAndrew M. OlsonBarrett R. BryantCarol C. BurtMikhail Auguston","2003","http://link.springer.com/chapter/10.1007/3-540-38093-0_2","Chapter"
"A Compositional Theory of Refinement for Branching Time","Correct Hardware Design and Verification Methods","","","","10.1007/978-3-540-39724-3_28","Panagiotis Manolios","2003","http://link.springer.com/chapter/10.1007/978-3-540-39724-3_28","Chapter"
"Restructuring Object-Oriented Applications into Component-Oriented Applications by Using Consistency with Execution Traces","Component-Based Software Engineering","","","","10.1007/978-3-642-13238-4_13","Simon AllierHouari A. SahraouiSalah SadouStéphane Vaucher","2010","http://link.springer.com/chapter/10.1007/978-3-642-13238-4_13","Chapter"
"Applying User Feedback and Query Learning Methods to Multiple Communities","Principles of Practice in Multi-Agent Systems","","","","10.1007/978-3-642-11161-7_19","Tsunenori MineHirotake Kobayashi","2009","http://link.springer.com/chapter/10.1007/978-3-642-11161-7_19","Chapter"
"In Search of Unstructured Documents Categorization","Advances in Communication and Networking","","","","10.1007/978-3-642-10236-3_10","Debnath BhattacharyyaPoulami DasKheyali MitraDebashis GangulyPurnendu DasSamir Kumar BandyopadhyayTai-hoon Kim","2009","http://link.springer.com/chapter/10.1007/978-3-642-10236-3_10","Chapter"
"LILOG-DB: Database Support for Knowledge-Based Systems","Datenbanksysteme in Büro, Technik und Wissenschaft","","","","10.1007/978-3-642-74571-3_15","Th. LudwigB. WalterM. LeyA. MaierE. Gehlen","1989","http://link.springer.com/chapter/10.1007/978-3-642-74571-3_15","Chapter"
"Optimal Genetic Query Algorithm for Information Retrieval","Parallel and Distributed Processing and Applications","","","","10.1007/978-3-540-30566-8_102","Ziqiang WangBoqin Feng","2005","http://link.springer.com/chapter/10.1007/978-3-540-30566-8_102","Chapter"
"Approaching Wordnets through a Structural Point of View","Metainformatics","","","","10.1007/3-540-44872-1_7","Dimitris AvramidisMaria KyriakopoulouManolis TzagarakisSofia StamouDimitris Christodoulakis","2003","http://link.springer.com/chapter/10.1007/3-540-44872-1_7","Chapter"
"The null extended nested relational model","The Nested Universal Relation Database Model","","","","10.1007/3-540-55493-9_3","","1992","http://link.springer.com/chapter/10.1007/3-540-55493-9_3","Chapter"
"A Semantic Searching Scheme in Heterogeneous Unstructured P2P Networks","Journal of Computer Science and Technology","","26","6","10.1007/s11390-011-1190-z","Jun-Cheng HuangXiu-Qi LiJie Wu","2011","http://link.springer.com/article/10.1007/s11390-011-1190-z","Article"
"An Energy Efficient Filtering Approach to In-Network Join Processing in Sensor Network Databases","Multimedia, Computer Graphics and Broadcasting","","","","10.1007/978-3-642-27186-1_14","Kyung-Chang KimByung-Jung Oh","2011","http://link.springer.com/chapter/10.1007/978-3-642-27186-1_14","Chapter"
"A Dynamic Key Length Based Approach for Real-Time Security Verification of Big Sensing Data Stream","Web Information Systems Engineering – WISE 2015","","","","10.1007/978-3-319-26187-4_7","Deepak PuthalSurya NepalRajiv RanjanJinjun Chen","2015","http://link.springer.com/chapter/10.1007/978-3-319-26187-4_7","Chapter"
"mNIR: Diversifying Search Results Based on a Mixture of Novelty, Intention and Relevance","Web Information Systems Engineering - WISE 2012","","","","10.1007/978-3-642-35063-4_43","Reza Taghizadeh HemayatiLaleh Jafarian DehkordiWeiyi Meng","2012","http://link.springer.com/chapter/10.1007/978-3-642-35063-4_43","Chapter"
"A distributed algorithm for determining minimal covers of acyclic database schemes","Journal of Computer Science and Technology","","9","3","10.1007/BF02939502","Xinming Ye","1994","http://link.springer.com/article/10.1007/BF02939502","Article"
"Uncertainty as a Function of Expertise","Incompleteness and Uncertainty in Information Systems","","","","10.1007/978-1-4471-3242-4_12","Nematolaah ShiriHasan M. Jamil","1994","http://link.springer.com/chapter/10.1007/978-1-4471-3242-4_12","Chapter"
"Software Mining Studies: Goals, Approaches, Artifacts, and Replicability","Software Engineering","","","","10.1007/978-3-319-28406-4_5","Sven AmannStefanie BeyerKatja KevicHarald Gall","2015","http://link.springer.com/chapter/10.1007/978-3-319-28406-4_5","Chapter"
"Relation Extraction from Documents for the Automatic Construction of Ontologies","Future Information Technology","","","","10.1007/978-3-642-22333-4_3","Ikkyu ChoiSeungmin RhoYoung-Sik JeongMinkoo Kim","2011","http://link.springer.com/chapter/10.1007/978-3-642-22333-4_3","Chapter"
"The underlying database models","The Nested Universal Relation Database Model","","","","10.1007/3-540-55493-9_2","","1992","http://link.springer.com/chapter/10.1007/3-540-55493-9_2","Chapter"
"Information Retrieval in Folksonomies: Search and Ranking","The Semantic Web: Research and Applications","","","","10.1007/11762256_31","Andreas HothoRobert JäschkeChristoph SchmitzGerd Stumme","2006","http://link.springer.com/chapter/10.1007/11762256_31","Chapter"
"Introduction","Web Content Credibility","","","","10.1007/978-3-319-77794-8_1","Adam Wierzbicki","2018","http://link.springer.com/chapter/10.1007/978-3-319-77794-8_1","Chapter"
"On the ubiquity of information services and the absence of guaranteed service quality","Advances in Database Technology — EDBT'98","","","","10.1007/BFb0100973","Gerhard Weikum","1998","http://link.springer.com/chapter/10.1007/BFb0100973","Chapter"
"Text Categorization Based on Fuzzy Soft Set Theory","Computational Science and Its Applications – ICCSA 2012","","","","10.1007/978-3-642-31128-4_25","Bana HandagaMustafa Mat Deris","2012","http://link.springer.com/chapter/10.1007/978-3-642-31128-4_25","Chapter"
"Efficient Set-Correlation Operator Inside Databases","Journal of Computer Science and Technology","","31","4","10.1007/s11390-016-1657-z","Fei GaoShao-Xu SongLei ChenJian-Min Wang","2016","http://link.springer.com/article/10.1007/s11390-016-1657-z","Article"
"A Context Aware Data-Centric Storage Scheme in Wireless Sensor Networks","Multimedia, Computer Graphics and Broadcasting","","","","10.1007/978-3-642-27186-1_44","Hyunju KimJunho ParkDongook SeongJaesoo Yoo","2011","http://link.springer.com/chapter/10.1007/978-3-642-27186-1_44","Chapter"
"Query evaluation with null values: How complex is completeness?","Foundations of Software Technology and Theoretical Computer Science","","","","10.1007/3-540-52048-1_45","V. S. Lakshmanan","1989","http://link.springer.com/chapter/10.1007/3-540-52048-1_45","Chapter"
"OSCAR: OpenStreetMap Planet at Your Fingertips via OSm Cell ARrangements","Web Information Systems Engineering – WISE 2015","","","","10.1007/978-3-319-26190-4_11","Daniel BahrdtStefan Funke","2015","http://link.springer.com/chapter/10.1007/978-3-319-26190-4_11","Chapter"
"A basic scheme for concurrent logic programming","Conclog: A Methodological Approach to Concurrent Logic Programming","","","","10.1007/3-540-54938-2_5","","1991","http://link.springer.com/chapter/10.1007/3-540-54938-2_5","Chapter"
"Semantic Information Retrieval on Peer-to-Peer Networks","Networked Digital Technologies","","","","10.1007/978-3-642-14306-9_71","Mehmet Ali ErtürkA. Halim ZaimSelim Akyokuş","2010","http://link.springer.com/chapter/10.1007/978-3-642-14306-9_71","Chapter"
"Reasoning with Temporal Constraints in RDF","Principles and Practice of Semantic Web Reasoning","","","","10.1007/11853107_12","Carlos HurtadoAlejandro Vaisman","2006","http://link.springer.com/chapter/10.1007/11853107_12","Chapter"
"Ontological Engineering: Principles, Methods, Tools and Languages","Ontologies for Software Engineering and Software Technology","","","","10.1007/3-540-34518-3_1","Oscar CorchoMariano Fernández-LópezAsunción Gómez-Pérez","2006","http://link.springer.com/chapter/10.1007/3-540-34518-3_1","Chapter"
"Temporal RDF","The Semantic Web: Research and Applications","","","","10.1007/11431053_7","Claudio GutierrezCarlos HurtadoAlejandro Vaisman","2005","http://link.springer.com/chapter/10.1007/11431053_7","Chapter"
"A Focused Crawler with Ontology-Supported Website Models for Information Agents","Advances in Grid and Pervasive Computing","","","","10.1007/978-3-642-13067-0_54","Sheng-Yuan Yang","2010","http://link.springer.com/chapter/10.1007/978-3-642-13067-0_54","Chapter"
"Content-based image retrieval methods","Programming and Computer Software","","35","3","10.1134/S0361768809030049","N. S. Vassilieva","2009","http://link.springer.com/article/10.1134/S0361768809030049","Article"
"GraSS: An Efficient Method for RDF Subgraph Matching","Web Information Systems Engineering – WISE 2015","","","","10.1007/978-3-319-26190-4_8","Xuedong LyuXin WangYuan-Fang LiZhiyong FengJunhu Wang","2015","http://link.springer.com/chapter/10.1007/978-3-319-26190-4_8","Chapter"
"Automatic Selection of Noun Phrases as Document Descriptors in an FCA-Based Information Retrieval System","Formal Concept Analysis","","","","10.1007/978-3-540-32262-7_4","Juan M. CigarránAnselmo PeñasJulio GonzaloFelisa Verdejo","2005","http://link.springer.com/chapter/10.1007/978-3-540-32262-7_4","Chapter"
"Geospatial Semantic Web","Semantic Web: Concepts, Technologies and Applications","","","","10.1007/978-1-84628-710-7_14","","2007","http://link.springer.com/chapter/10.1007/978-1-84628-710-7_14","Chapter"
"Finger on the Pulse: The Value of the Activity Stream in the Enterprise","Human-Computer Interaction – INTERACT 2013","","","","10.1007/978-3-642-40498-6_32","Ido GuyTal SteierMaya BarneaInbal RonenTal Daniel","2013","http://link.springer.com/chapter/10.1007/978-3-642-40498-6_32","Chapter"
"A Location Dependent Semantic Cache Replacement Strategy in Mobile Environment","Advances in Computer Science and Information Technology. Networks and Communications","","","","10.1007/978-3-642-27299-8_23","Kahkashan TabassumMahmood Quadri SyedA. Damodaram","2012","http://link.springer.com/chapter/10.1007/978-3-642-27299-8_23","Chapter"
"Optimization of Analytic Data Flows for Next Generation Business Intelligence Applications","Topics in Performance Evaluation, Measurement and Characterization","","","","10.1007/978-3-642-32627-1_4","Umeshwar DayalKevin WilkinsonAlkis SimitsisMalu CastellanosLupita Paz","2012","http://link.springer.com/chapter/10.1007/978-3-642-32627-1_4","Chapter"
"Browsing a Component Library Using Non-functional Information","Reliable Software Technologies — Ada-Europe’ 99","","","","10.1007/3-540-48753-0_29","Xavier FranchJosep PinyolJoan Vancells","1999","http://link.springer.com/chapter/10.1007/3-540-48753-0_29","Chapter"
"Connecting Legacy Code, Business Rules and Documentation","Rule Representation, Interchange and Reasoning on the Web","","","","10.1007/978-3-540-88808-6_5","Erik PutryczAnatol W. Kark","2008","http://link.springer.com/chapter/10.1007/978-3-540-88808-6_5","Chapter"
"On what Linda is: Formal description of Linda as a reactive system","Coordination Languages and Models","","","","10.1007/3-540-63383-9_81","David GelernterLenore Zuck","1997","http://link.springer.com/chapter/10.1007/3-540-63383-9_81","Chapter"
"Platform Independent Software Development Monitoring: Design of an Architecture","SOFSEM 2014: Theory and Practice of Computer Science","","","","10.1007/978-3-319-04298-5_12","Mária BielikováIvan PolášekMichal BarlaEduard KuricKarol RástočnýJozef TvarožekPeter Lacko","2014","http://link.springer.com/chapter/10.1007/978-3-319-04298-5_12","Chapter"
"Exploiting Title-Keywords Relation to Develop Concept Classifier for Scientific Community","Networked Digital Technologies","","","","10.1007/978-3-642-30567-2_37","Sher Afgun KhanMuhammad Tanvir AfzalMuhammad Abdul Qadir","2012","http://link.springer.com/chapter/10.1007/978-3-642-30567-2_37","Chapter"
"Multimedia Retrieval Algorithmics","SOFSEM 2007: Theory and Practice of Computer Science","","","","10.1007/978-3-540-69507-3_11","Remco C. Veltkamp","2007","http://link.springer.com/chapter/10.1007/978-3-540-69507-3_11","Chapter"
"Automatic Short Text Annotation for Question Answering System","Web Information Systems and Technologies","","","","10.1007/978-3-642-22810-0_18","Gang LiuZhi LuTianyong HaoWenyin Liu","2011","http://link.springer.com/chapter/10.1007/978-3-642-22810-0_18","Chapter"
"Evolution-Driven Trace Acquisition in Eclipse-Based Product Line Workspaces","Software and Systems Traceability","","","","10.1007/978-1-4471-2239-5_9","Wolfgang HeiderPaul GrünbacherRick RabiserMartin Lehofer","2012","http://link.springer.com/chapter/10.1007/978-1-4471-2239-5_9","Chapter"
"A Quantitative Analysis of Semantic Information Retrieval Research Progress in China","Software Engineering, Business Continuity, and Education","","","","10.1007/978-3-642-27207-3_5","Xiaoyue WangRujiang BaiLiyun Kang","2011","http://link.springer.com/chapter/10.1007/978-3-642-27207-3_5","Chapter"
"A Greedy Approach for Adapting Web Content for Mobile Devices","Software Engineering and Computer Systems","","","","10.1007/978-3-642-22170-5_22","Rajibul AnamChin Kuan HoTek Yong Lim","2011","http://link.springer.com/chapter/10.1007/978-3-642-22170-5_22","Chapter"
"How to Rank Terminology Extracted by Exterlog","Knowledge Discovery, Knowlege Engineering and Knowledge Management","","","","10.1007/978-3-642-19032-2_9","Hassan SaneifarStéphane BonniolAnne LaurentPascal PonceletMathieu Roche","2011","http://link.springer.com/chapter/10.1007/978-3-642-19032-2_9","Chapter"
"Encoding Spatial Context for Large-Scale Partial-Duplicate Web Image Retrieval","Journal of Computer Science and Technology","","29","5","10.1007/s11390-014-1472-3","Wen-Gang ZhouHou-Qiang LiYijuan LuQi Tian","2014","http://link.springer.com/article/10.1007/s11390-014-1472-3","Article"
"Proxemic Conceptual Network Based on Ontology Enrichment for Representing Documents in IR","Knowledge Engineering and Knowledge Management","","","","10.1007/978-3-642-33876-2_9","Chiraz LatiriLamia Ben GhezaielMohamed Ben Ahmed","2012","http://link.springer.com/chapter/10.1007/978-3-642-33876-2_9","Chapter"
"Information Foraging Theory as a Form of Collective Intelligence for Social Search","Computational Collective Intelligence. Semantic Web, Social Networks and Multiagent Systems","","","","10.1007/978-3-642-04441-0_5","Longo LucaBarrett StephenDondio Pierpaolo","2009","http://link.springer.com/chapter/10.1007/978-3-642-04441-0_5","Chapter"
"Representing topological relationships among heterogeneous Geometry-Collection features","Journal of Computer Science and Technology","","19","3","10.1007/BF02944898","Zhi-Nong ZhongNing JingLuo ChenQiu-Yun Wu","2004","http://link.springer.com/article/10.1007/BF02944898","Article"
"On Querying Temporal Deductive Databases","Formal Methods in Databases and Software Engineering","","","","10.1007/978-1-4471-3213-4_10","Laks V. S. LakshmananDaniel A. Nonen","1993","http://link.springer.com/chapter/10.1007/978-1-4471-3213-4_10","Chapter"
"Multivariate and multidimensional OLAP","Advances in Database Technology — EDBT'98","","","","10.1007/BFb0100981","Shin -Chung Shao","1998","http://link.springer.com/chapter/10.1007/BFb0100981","Chapter"
"Techniques for process analysis and unification","Advanced Information Systems Engineering","","","","10.1007/3-540-61292-0_14","Silvana CastanoValeria De Antonellis","1996","http://link.springer.com/chapter/10.1007/3-540-61292-0_14","Chapter"
"An Approach to Semantic Information Retrieval Based on Natural Language Query Understanding","Current Trends in Web Engineering","","","","10.1007/978-3-642-16985-4_19","Beniamino Di Martino","2010","http://link.springer.com/chapter/10.1007/978-3-642-16985-4_19","Chapter"
"S3C: Using Service Discovery to Support Requirements Elicitation in the ERP Domain","Advanced Information Systems Engineering","","","","10.1007/978-3-642-21640-4_4","Markus NöbauerNorbert SeyffNeil MaidenKonstantinos Zachos","2011","http://link.springer.com/chapter/10.1007/978-3-642-21640-4_4","Chapter"
"I Am the Future: Machine Learning in Action","Machine Learning for Decision Makers","","","","10.1007/978-1-4842-2988-0_6","Patanjali Kashyap","2017","http://link.springer.com/chapter/10.1007/978-1-4842-2988-0_6","Chapter"
"Representation of Complex Concepts for Semantic Routed Network","Distributed Computing and Networking","","","","10.1007/978-3-540-92295-7_17","Amitava BiswasSuneil MohanJagannath PanigrahyAalap TripathyRabi Mahapatra","2009","http://link.springer.com/chapter/10.1007/978-3-540-92295-7_17","Chapter"
"Selection Based Comparative Summarization of Search Results Using Concept Based segmentation","Trends in Network and Communications","","","","10.1007/978-3-642-22543-7_67","Chitra PasupathiBaskaran RamachandranSarukesi Karunakaran","2011","http://link.springer.com/chapter/10.1007/978-3-642-22543-7_67","Chapter"
"Twinder: A Search Engine for Twitter Streams","Web Engineering","","","","10.1007/978-3-642-31753-8_11","Ke TaoFabian AbelClaudia HauffGeert-Jan Houben","2012","http://link.springer.com/chapter/10.1007/978-3-642-31753-8_11","Chapter"
"Decentralized Mobile Search and Retrieval Using SMS and HTTP to Support Social Change","Mobile Computing, Applications, and Services","","","","10.1007/978-3-642-32320-1_11","Isaí Michel LomberaYung-Ting ChuangL. E. MoserP. M. Melliar-Smith","2012","http://link.springer.com/chapter/10.1007/978-3-642-32320-1_11","Chapter"
"Peer-to-Peer Computing in Mobile Ad Hoc Networks","Performance Tools and Applications to Networked Systems","","","","10.1007/978-3-540-24663-3_9","Alexander KlemmChristoph LindemannOliver P. Waldhorst","2004","http://link.springer.com/chapter/10.1007/978-3-540-24663-3_9","Chapter"
"Length-Changeable Incremental Extreme Learning Machine","Journal of Computer Science and Technology","","32","3","10.1007/s11390-017-1746-7","You-Xi WuDong LiuHe Jiang","2017","http://link.springer.com/article/10.1007/s11390-017-1746-7","Article"
"An Approach for Conceptual Modeling and Extracting Expressive Semantics from Dance Videos","Intelligent Information Technology","","","","10.1007/978-3-540-30561-3_1","K. RajkumarB. RamadossKrishnamurthi Ilango","2005","http://link.springer.com/chapter/10.1007/978-3-540-30561-3_1","Chapter"
"References","Advanced Debugging Methods","","","","10.1007/978-1-4419-8774-7_9","Raimondas Lencevicius","2000","http://link.springer.com/chapter/10.1007/978-1-4419-8774-7_9","Chapter"
"An algebraic construction of the well-founded model","Algebraic Methodology and Software Technology","","","","10.1007/3-540-60043-4_75","Rajiv BagaiRajshekhar Sunderraman","1995","http://link.springer.com/chapter/10.1007/3-540-60043-4_75","Chapter"
"Stateful Mobile Modules for Sensor Networks","Distributed Computing in Sensor Systems","","","","10.1007/978-3-642-13651-1_5","Moritz StrübeRüdiger KapitzaKlaus StengelMichael DaumFalko Dressler","2010","http://link.springer.com/chapter/10.1007/978-3-642-13651-1_5","Chapter"
"Communities: Concept-Based Querying for Mobile Services","Global Computing","","","","10.1007/978-3-540-31794-4_4","Chara SkouteliChristoforos PanayiotouGeorge SamarasEvaggelia Pitoura","2005","http://link.springer.com/chapter/10.1007/978-3-540-31794-4_4","Chapter"
"Functional-Logic Programming for Web Knowledge Representation, Sharing and Querying","Knowledge Engineering and Knowledge Management","","","","10.1007/978-3-319-13704-9_26","Matthias Nickles","2014","http://link.springer.com/chapter/10.1007/978-3-319-13704-9_26","Chapter"
"Learning Query Ambiguity Models by Using Search Logs","Journal of Computer Science and Technology","","25","4","10.1007/s11390-010-9360-y","Ruihua SongZhicheng DouHsiao-Wuen HonYong Yu","2010","http://link.springer.com/article/10.1007/s11390-010-9360-y","Article"
"Counterexample Guided Spotlight Abstraction Refinement","Formal Techniques for Networked and Distributed Systems – FORTE 2008","","","","10.1007/978-3-540-68855-6_2","Tobe Toben","2008","http://link.springer.com/chapter/10.1007/978-3-540-68855-6_2","Chapter"
"Enhancing Social Search: A Computational Collective Intelligence Model of Behavioural Traits, Trust and Time","Transactions on Computational Collective Intelligence II","","","","10.1007/978-3-642-17155-0_3","Luca LongoPierpaolo DondioStephen Barrett","2010","http://link.springer.com/chapter/10.1007/978-3-642-17155-0_3","Chapter"
"Overview of the S3 Contest: Performance Evaluation of Semantic Service Matchmakers","Semantic Web Services","","","","10.1007/978-3-642-28735-0_2","Matthias Klusch","2012","http://link.springer.com/chapter/10.1007/978-3-642-28735-0_2","Chapter"
"OPOSSUM: Indexing Techniques for an Order-of-Magnitude Improvement of Service Matchmaking Times","Semantic Web Services","","","","10.1007/978-3-642-28735-0_4","Eran Toch","2012","http://link.springer.com/chapter/10.1007/978-3-642-28735-0_4","Chapter"
"FASTDB: An Array Database System for Efficient Storing and Analyzing Massive Scientific Data","Algorithms and Architectures for Parallel Processing","","","","10.1007/978-3-319-27161-3_55","Hui LiNengjun QiuMei ChenHongyuan LiZhenyu DaiMing ZhuMenglin Huang","2015","http://link.springer.com/chapter/10.1007/978-3-319-27161-3_55","Chapter"
"An Efficient Packing Algorithm for Spatial Keyword Queries","Convergence and Hybrid Information Technology","","","","10.1007/978-3-642-32645-5_70","Jinkun PanDongsheng LiLiming Li","2012","http://link.springer.com/chapter/10.1007/978-3-642-32645-5_70","Chapter"
"ECS: A Framework for Diversified and Relevant Search in the Internet of Things","Web Information Systems Engineering – WISE 2015","","","","10.1007/978-3-319-26190-4_30","Ali ShemshadiLina YaoYongrui QinQuan Z. ShengYihong Zhang","2015","http://link.springer.com/chapter/10.1007/978-3-319-26190-4_30","Chapter"
"Euro-Mediterranean Centre for Climate Change Data Grid","Distributed and Parallel Systems","","","","10.1007/978-0-387-79448-8_7","Sandro FioreSalvatore VadaccaAlessandro NegroGiovanni Aloisio","2008","http://link.springer.com/chapter/10.1007/978-0-387-79448-8_7","Chapter"
"Multi-attribute Hashing of Wireless Data for Content-Based Queries","Distributed Computing and Internet Technology","","","","10.1007/11604655_18","Yon Dohn ChungJi Yeon Lee","2005","http://link.springer.com/chapter/10.1007/11604655_18","Chapter"
"Adaptive User Modelling in an Intelligent Telephone Assistant","Soft-Ware 2002: Computing in an Imperfect World","","","","10.1007/3-540-46019-5_8","Trevor P. MartinBenham Azvine","2002","http://link.springer.com/chapter/10.1007/3-540-46019-5_8","Chapter"
"ULYSSES: A lattice-based multiple interaction strategy retrieval interface","Human-Computer Interaction","","","","10.1007/3-540-60614-9_7","Claudio CarpinetoGiovanni Romano","1995","http://link.springer.com/chapter/10.1007/3-540-60614-9_7","Chapter"
"A Survey of Commonsense Knowledge Acquisition","Journal of Computer Science and Technology","","28","4","10.1007/s11390-013-1369-6","Liang-Jun ZangCong CaoYa-Nan CaoYu-Ming WuCun-Gen CAO","2013","http://link.springer.com/article/10.1007/s11390-013-1369-6","Article"
"WorldTravel: A Testbed for Service-Oriented Applications","Service-Oriented Computing – ICSOC 2008","","","","10.1007/978-3-540-89652-4_33","Peter BudnySrihari GovindharajKarsten Schwan","2008","http://link.springer.com/chapter/10.1007/978-3-540-89652-4_33","Chapter"
"Insights into Entity Name Evolution on Wikipedia","Web Information Systems Engineering – WISE 2014","","","","10.1007/978-3-319-11746-1_4","Helge HolzmannThomas Risse","2014","http://link.springer.com/chapter/10.1007/978-3-319-11746-1_4","Chapter"
"Incorporating negation","Conclog: A Methodological Approach to Concurrent Logic Programming","","","","10.1007/3-540-54938-2_6","","1991","http://link.springer.com/chapter/10.1007/3-540-54938-2_6","Chapter"
"Leveraging Exemplar and Saliency Model for Image Search Reranking","Advances in Multimedia Information Processing – PCM 2012","","","","10.1007/978-3-642-34778-8_16","Hong LuKai ChenGuobao JiangRenzhong WeiXiangyang Xue","2012","http://link.springer.com/chapter/10.1007/978-3-642-34778-8_16","Chapter"
"A Clustering-Based Approach for Tracing Object-Oriented Design to Requirement","Fundamental Approaches to Software Engineering","","","","10.1007/978-3-540-71289-3_31","Xin ZhouHui Yu","2007","http://link.springer.com/chapter/10.1007/978-3-540-71289-3_31","Chapter"
"Methods for automatic term recognition in domain-specific text collections: A survey","Programming and Computer Software","","41","6","10.1134/S036176881506002X","N. A. AstrakhantsevD. G. FedorenkoD. Yu. Turdakov","2015","http://link.springer.com/article/10.1134/S036176881506002X","Article"
"A Proposal for Making Argumentation Computationally Capable of Handling Large Repositories of Uncertain Data","Scalable Uncertainty Management","","","","10.1007/978-3-642-04388-8_9","Marcela CapobiancoGuillermo R. Simari","2009","http://link.springer.com/chapter/10.1007/978-3-642-04388-8_9","Chapter"
"Software Development Support for Shared Sensing Infrastructures: A Generative and Dynamic Approach","Software Reuse for Dynamic Systems in the Cloud and Beyond","","","","10.1007/978-3-319-14130-5_16","Cyril CecchinelSébastien MosserPhilippe Collet","2014","http://link.springer.com/chapter/10.1007/978-3-319-14130-5_16","Chapter"
"Chaotic fixpoint iteration guided by dynamic dependency","Static Analysis","","","","10.1007/3-540-57264-3_27","Niels JØrgensen","1993","http://link.springer.com/chapter/10.1007/3-540-57264-3_27","Chapter"
"Let the fingers do the walking: Object manipulation in an NF2 database editor","New Results and New Trends in Computer Science","","","","10.1007/BFb0038201","Lutz M. Wegner","1991","http://link.springer.com/chapter/10.1007/BFb0038201","Chapter"
"Propagating differences: An efficient new fixpoint algorithm for distributive constraint systems","Programming Languages and Systems","","","","10.1007/BFb0053565","Christian FechtHelmut Seidl","1998","http://link.springer.com/chapter/10.1007/BFb0053565","Chapter"
"Recommendation Systems in-the-Small","Recommendation Systems in Software Engineering","","","","10.1007/978-3-642-45135-5_4","Laura InozemtsevaReid HolmesRobert J. Walker","2014","http://link.springer.com/chapter/10.1007/978-3-642-45135-5_4","Chapter"
"Parallel and Distributed Solutions for the Optimal Binary Search Tree Problem","Advanced Environments, Tools, and Applications for Cluster Computing","","","","10.1007/3-540-47840-X_10","Mitică Craus","2002","http://link.springer.com/chapter/10.1007/3-540-47840-X_10","Chapter"
"Managing Large Repositories of Natural Language Requirements","Engineering and Managing Software Requirements","","","","10.1007/3-540-28244-0_10","Johan Natt och DagVincenzo Gervasi","2005","http://link.springer.com/chapter/10.1007/3-540-28244-0_10","Chapter"
"Natural and formal language processing","Logic Programming in Action","","","","10.1007/3-540-55930-2_12","Michael Hess","1992","http://link.springer.com/chapter/10.1007/3-540-55930-2_12","Chapter"
"Enhancing the P2P Protocols to Support Advanced Multi-keyword Queries","NETWORKING 2006. Networking Technologies, Services, and Protocols; Performance of Computer and Communication Networks; Mobile and Wireless Communications Systems","","","","10.1007/11753810_53","Samir Ghamri-DoudaneNazim Agoulmine","2006","http://link.springer.com/chapter/10.1007/11753810_53","Chapter"
"Cost Models and Performance Evaluation of Similarity Search in the HON P2P System","Parallel and Distributed Processing and Applications","","","","10.1007/11946441_70","Mouna KacimiKokou Yétongnon","2006","http://link.springer.com/chapter/10.1007/11946441_70","Chapter"
"Towards a Better Semantic Matching for Indexation Improvement of Error-Prone (Semi-)Structured XML Documents","Web Information Systems and Technologies","","","","10.1007/978-3-642-22810-0_21","Arnaud RenardSylvie CalabrettoBéatrice Rumpler","2011","http://link.springer.com/chapter/10.1007/978-3-642-22810-0_21","Chapter"
"Semantic Structure Matching for Assessing Web-Service Similarity","Service-Oriented Computing - ICSOC 2003","","","","10.1007/978-3-540-24593-3_14","Yiqiao WangEleni Stroulia","2003","http://link.springer.com/chapter/10.1007/978-3-540-24593-3_14","Chapter"
"ELA—A new Approach for Learning Agents","Autonomous Agents and Multi-Agent Systems","","10","3","10.1007/s10458-004-6976-8","Fabrício EnembreckJean-Paul Brathès","2005","http://link.springer.com/article/10.1007/s10458-004-6976-8","Article"
"XSPARQL: Traveling between the XML and RDF Worlds – and Avoiding the XSLT Pilgrimage","The Semantic Web: Research and Applications","","","","10.1007/978-3-540-68234-9_33","Waseem AkhtarJacek KopeckýThomas KrennwallnerAxel Polleres","2008","http://link.springer.com/chapter/10.1007/978-3-540-68234-9_33","Chapter"
"Event Processing over a Distributed JSON Store: Design and Performance","Web Information Systems Engineering – WISE 2014","","","","10.1007/978-3-319-11746-1_28","Miki EnokiJérôme SiméonHiroshi HoriiMartin Hirzel","2014","http://link.springer.com/chapter/10.1007/978-3-319-11746-1_28","Chapter"
"Developing SBVR Vocabularies and Business Rules from OWL2 Ontologies","Information and Software Technologies","","","","10.1007/978-3-642-41947-8_13","Gintare BernotaityteLina NemuraiteRita ButkieneBronius Paradauskas","2013","http://link.springer.com/chapter/10.1007/978-3-642-41947-8_13","Chapter"
"Building Theories from Multiple Evidence Sources","Guide to Advanced Empirical Software Engineering","","","","10.1007/978-1-84800-044-5_13","Forrest ShullRaimund L. Feldmann","2008","http://link.springer.com/chapter/10.1007/978-1-84800-044-5_13","Chapter"
"A categorial theory of objects as observed processes","Foundations of Object-Oriented Languages","","","","10.1007/BFb0019445","H. -D. EhrichJ. A. GoguenA. Sernadas","1991","http://link.springer.com/chapter/10.1007/BFb0019445","Chapter"
"From Subject Directories to Subject Meta-directories via Declarative Programming","Practical Aspects of Declarative Languages","","","","10.1007/3-540-45241-9_4","Antonio BrogiGianluca Caruso","2001","http://link.springer.com/chapter/10.1007/3-540-45241-9_4","Chapter"
"Place in Perspective: Extracting Online Information about Points of Interest","Ambient Intelligence","","","","10.1007/978-3-642-16917-5_7","Ana O. AlvesFrancisco C. PereiraFilipe RodriguesJoão Oliveirinha","2010","http://link.springer.com/chapter/10.1007/978-3-642-16917-5_7","Chapter"
"ITTALKS: An application of agents in the Semantic Web","Engineering Societies in the Agents World II","","","","10.1007/3-540-45584-1_12","Filip PerichLalana KagalHarry ChenSovrin ToliaYouyong ZouTim FininAnupam JoshiYun PengR. Scott CostCharles Nicholas","2001","http://link.springer.com/chapter/10.1007/3-540-45584-1_12","Chapter"
"Agents Making Sense of the Semantic Web","Innovative Concepts for Agent-Based Systems","","","","10.1007/978-3-540-45173-0_32","Lalana KagalFilip PerichHarry ChenSovrin ToliaYouyong ZouTim FininAnupam JoshiYun PengR. Scott CostCharles Nicholas","2003","http://link.springer.com/chapter/10.1007/978-3-540-45173-0_32","Chapter"
"OMIT: Domain Ontology and Knowledge Acquisition in MicroRNA Target Prediction","On the Move to Meaningful Internet Systems, OTM 2010","","","","10.1007/978-3-642-16949-6_36","Christopher TownsendJingshan HuangDejing DouShivraj DalviPatrick J. HayesLei HeWen-chang LinHaishan LiuRobert RudnickHardik ShahHao SunXiaowei WangMing Tan","2010","http://link.springer.com/chapter/10.1007/978-3-642-16949-6_36","Chapter"
"POTENTIAL: A highly adaptive core of parallel database system","Journal of Computer Science and Technology","","15","6","10.1007/BF02948835","Jirong WenHong ChenShan Wang","2000","http://link.springer.com/article/10.1007/BF02948835","Article"
"Using Speech Recognition and Intelligent Search Tools to Enhance Information Accessibility","Universal Access in Human-Computer Interaction. Applications and Services","","","","10.1007/978-3-540-73283-9_25","Keith BainJason HinesPawan LingrasYumei Qin","2007","http://link.springer.com/chapter/10.1007/978-3-540-73283-9_25","Chapter"
"Can Social Features Help Learning to Rank YouTube Videos?","Web Information Systems Engineering - WISE 2012","","","","10.1007/978-3-642-35063-4_40","Sergiu Viorel ChelaruClaudia Orellana-RodriguezIsmail Sengor Altingovde","2012","http://link.springer.com/chapter/10.1007/978-3-642-35063-4_40","Chapter"
"Nontraditional applications of automata theory","Theoretical Aspects of Computer Software","","","","10.1007/3-540-57887-0_116","Moshe Y. Vardi","1994","http://link.springer.com/chapter/10.1007/3-540-57887-0_116","Chapter"
"EReX: A Conceptual Model for XML","Database and XML Technologies","","","","10.1007/978-3-540-30081-6_10","Murali Mani","2004","http://link.springer.com/chapter/10.1007/978-3-540-30081-6_10","Chapter"
"Monitoring Research Collaborations Using Semantic Web Technologies","The Semantic Web: Research and Applications","","","","10.1007/11431053_45","Harith AlaniNicholas GibbinsHugh GlaserStephen HarrisNigel Shadbolt","2005","http://link.springer.com/chapter/10.1007/11431053_45","Chapter"
"Performance Analysis of Storage Systems","Performance Evaluation: Origins and Directions","","","","10.1007/3-540-46506-5_3","Elizabeth ShriverBruce K. HillyerAvi Silberschatz","2000","http://link.springer.com/chapter/10.1007/3-540-46506-5_3","Chapter"
"On the power of subsumption and context checks","Design and Implementation of Symbolic Computation Systems","","","","10.1007/3-540-52531-9_132","Roland N. BolKrzysztof R. AptJan Willem Klop","1990","http://link.springer.com/chapter/10.1007/3-540-52531-9_132","Chapter"
"PAGE: A Distributed Infrastructure for Fostering RDF-Based Interoperability","Distributed Applications and Interoperable Systems","","","","10.1007/11773887_27","Emanuele Della ValleAndrea TuratiAlessandro Ghioni","2006","http://link.springer.com/chapter/10.1007/11773887_27","Chapter"
"User Relevance for Item-Based Collaborative Filtering","Computer Information Systems and Industrial Management","","","","10.1007/978-3-642-40925-7_31","R. LathaR. Nadarajan","2013","http://link.springer.com/chapter/10.1007/978-3-642-40925-7_31","Chapter"
"Quality of Business Process Models","Quality in Business Process Modeling","","","","10.1007/978-3-319-42512-2_2","John Krogstie","2016","http://link.springer.com/chapter/10.1007/978-3-319-42512-2_2","Chapter"
"A Systematic Review of Software Requirements Selection and Prioritization Using SBSE Approaches","Search Based Software Engineering","","","","10.1007/978-3-642-39742-4_15","Antônio Mauricio PitangueiraRita Suzana P. MacielMárcio de Oliveira BarrosAline Santos Andrade","2013","http://link.springer.com/chapter/10.1007/978-3-642-39742-4_15","Chapter"
"Adaptiveness in Linda-Based Coordination Models","Engineering Self-Organising Systems","","","","10.1007/978-3-540-24701-2_15","Ronaldo MenezesRobert Tolksdorf","2004","http://link.springer.com/chapter/10.1007/978-3-540-24701-2_15","Chapter"
"An Efficient and Robust Routing Protocol for Data Aggregation","Wireless Algorithms, Systems, and Applications","","","","10.1007/11814856_18","Xiwei ZhaoKami (Sam) MakkiNiki Pissinou","2006","http://link.springer.com/chapter/10.1007/11814856_18","Chapter"
"Detecting Healthcare Fraud through Patient Sharing Schemes","Information Systems, Technology and Management","","","","10.1007/978-3-642-29166-1_39","Aryya GangopadhyaySong ChenYelena Yesha","2012","http://link.springer.com/chapter/10.1007/978-3-642-29166-1_39","Chapter"
"A Comparison of Reasoning Techniques for Querying Large Description Logic ABoxes","Logic for Programming, Artificial Intelligence, and Reasoning","","","","10.1007/11916277_16","Boris MotikUlrike Sattler","2006","http://link.springer.com/chapter/10.1007/11916277_16","Chapter"
"Towards a Context-Aware Mobile Recommendation Architecture","Mobile Web Information Systems","","","","10.1007/978-3-319-10359-4_5","María del Carmen Rodríguez-HernándezSergio Ilarri","2014","http://link.springer.com/chapter/10.1007/978-3-319-10359-4_5","Chapter"
"First Steps to an Audio Ontology-Based Classifier for Telemedicine","Advanced Data Mining and Applications","","","","10.1007/11811305_92","Cong Phuong NguyenNgoc Yen PhamEric Castelli","2006","http://link.springer.com/chapter/10.1007/11811305_92","Chapter"
"Conjunctive Query Answering in Probabilistic Datalog+/– Ontologies","Web Reasoning and Rule Systems","","","","10.1007/978-3-642-23580-1_7","Georg GottlobThomas LukasiewiczGerardo I. Simari","2011","http://link.springer.com/chapter/10.1007/978-3-642-23580-1_7","Chapter"
"Deductive object databases","Object-Oriented Programming","","","","10.1007/BFb0052185","Elisa BertinoGiovanna GuerriniDanilo Montesi","1994","http://link.springer.com/chapter/10.1007/BFb0052185","Chapter"
"ReFlO: an interactive tool for pipe-and-filter domain specification and program generation","Software & Systems Modeling","","15","2","10.1007/s10270-014-0403-7","Rui C. GonçalvesDon BatoryJoão L. Sobral","2016","http://link.springer.com/article/10.1007/s10270-014-0403-7","Article"
"MurO: A Multi-representation Ontology as a Foundation of Enterprise Information Systems","Intelligent Information Technology","","","","10.1007/978-3-540-30561-3_31","Rami RifaiehAhmed AraraAïcha Nabila Benharkat","2005","http://link.springer.com/chapter/10.1007/978-3-540-30561-3_31","Chapter"
"Architecture for Media Streaming Delivery over P2P Networks","Advanced Distributed Systems","","","","10.1007/11533962_8","Francisco de Asís López-FuentesEckehard Steinbach","2005","http://link.springer.com/chapter/10.1007/11533962_8","Chapter"
"A Knowledge Portal for Cultural Information Resources: Towards an Architecture","Perspectives of Systems Informatics","","","","10.1007/978-3-540-70881-0_45","Yury ZagorulkoJawed SiddiqiBabak AkhgarOlesya Borovikova","2007","http://link.springer.com/chapter/10.1007/978-3-540-70881-0_45","Chapter"
"PIM Meets Web 2.0","Conceptual Modeling - ER 2008","","","","10.1007/978-3-540-87877-3_3","Moira C. Norrie","2008","http://link.springer.com/chapter/10.1007/978-3-540-87877-3_3","Chapter"
"Efficient Stream Processing in the Cloud","Quality, Reliability, Security and Robustness in Heterogeneous Networks","","","","10.1007/978-3-642-29222-4_19","Dung VuVana KalogerakiYannis Drougas","2012","http://link.springer.com/chapter/10.1007/978-3-642-29222-4_19","Chapter"
"The Influence of Client Platform on Web Page Content: Measurements, Analysis, and Implications","Web Information Systems Engineering – WISE 2015","","","","10.1007/978-3-319-26187-4_1","Sean SandersGautam SankaJay AikatJasleen Kaur","2015","http://link.springer.com/chapter/10.1007/978-3-319-26187-4_1","Chapter"
"Routing in Mobile Ad-hoc and Peer-to-Peer Networks A Comparison","Web Engineering and Peer-to-Peer Computing","","","","10.1007/3-540-45745-3_16","Rüdiger SchollmeierIngo GruberMichael Finkenzeller","2002","http://link.springer.com/chapter/10.1007/3-540-45745-3_16","Chapter"
"Semantic Process Retrieval with iSPARQL","The Semantic Web: Research and Applications","","","","10.1007/978-3-540-72667-8_43","Christoph KieferAbraham BernsteinHong Joo LeeMark KleinMarkus Stocker","2007","http://link.springer.com/chapter/10.1007/978-3-540-72667-8_43","Chapter"
"Similarity Search over Personal Process Description Graph","Web Information Systems Engineering – WISE 2015","","","","10.1007/978-3-319-26190-4_35","Jing Ouyang HsuHye-young PaikLiming Zhan","2015","http://link.springer.com/chapter/10.1007/978-3-319-26190-4_35","Chapter"
"Introducing CAPER, a Collaborative Platform for Open and Closed Information Acquisition, Processing and Linking","HCI International 2011 – Posters’ Extended Abstracts","","","","10.1007/978-3-642-22098-2_96","Carlo AliprandiAndrea Marchetti","2011","http://link.springer.com/chapter/10.1007/978-3-642-22098-2_96","Chapter"
"Knowledgebase Representation Language Interoperation Tool","Rule-Based Modeling and Computing on the Semantic Web","","","","10.1007/978-3-642-24908-2_12","Taylor OsmunPatrick ThébeauYevgen Biletskiy","2011","http://link.springer.com/chapter/10.1007/978-3-642-24908-2_12","Chapter"
"Applying User-Centered Techniques to Develop a Radiology Teaching File System","HCI International 2011 – Posters’ Extended Abstracts","","","","10.1007/978-3-642-22095-1_98","Marcelo dos SantosAsa Fujino","2011","http://link.springer.com/chapter/10.1007/978-3-642-22095-1_98","Chapter"
"Digital Neighbourhoods: Partitioning the Web for information indexing and searching","Advanced Information Systems Engineering","","","","10.1007/3-540-63107-0_21","Pedro Falcão GonçalvesAna Carolina SalgadoSilvio Lemos Meira","1997","http://link.springer.com/chapter/10.1007/3-540-63107-0_21","Chapter"
"Extended Rules in Knowledge-Based Data Access","Rule-Based Modeling and Computing on the Semantic Web","","","","10.1007/978-3-642-24908-2_16","Jaroslaw BakGrażyna BrzykcyCzeslaw Jedrzejek","2011","http://link.springer.com/chapter/10.1007/978-3-642-24908-2_16","Chapter"
"Expressing and Configuring Quality of Data in Multi-purpose Wireless Sensor Networks","Sensor Systems and Software","","","","10.1007/978-3-642-23583-2_7","Pedro Javier del CidDaniel HughesSam MichielsWouter Joosen","2011","http://link.springer.com/chapter/10.1007/978-3-642-23583-2_7","Chapter"
"Context-driven information base update","Advanced Information Systems Engineering","","","","10.1007/3-540-61292-0_18","Panos ConstantopoulosYannis Tzitzikas","1996","http://link.springer.com/chapter/10.1007/3-540-61292-0_18","Chapter"
"The development of an Object-Oriented Multimedia Information System","Object-Oriented Methodologies and Systems","","","","10.1007/BFb0014031","M. P. PapaG. RagucciG. CorrenteM. FerriseS. GiurleoD. Vitale","1994","http://link.springer.com/chapter/10.1007/BFb0014031","Chapter"
"An Interactive Framework for Document Retrieval and Presentation with Question-Answering Function in Restricted Domain","New Trends in Applied Artificial Intelligence","","","","10.1007/978-3-540-73325-6_13","Teruhisa MisuTatsuya Kawahara","2007","http://link.springer.com/chapter/10.1007/978-3-540-73325-6_13","Chapter"
"Concept framework for audio information retrieval: ARF","Journal of Computer Science and Technology","","18","5","10.1007/BF02947127","GuoHui LiDeFeng WuJun Zhang","2003","http://link.springer.com/article/10.1007/BF02947127","Article"
"A Comparison of Methods for Automatic Term Extraction for Domain Analysis","Software Reuse for Dynamic Systems in the Cloud and Beyond","","","","10.1007/978-3-319-14130-5_19","William B. FrakesGregory KulczyckiJason Tilley","2014","http://link.springer.com/chapter/10.1007/978-3-319-14130-5_19","Chapter"
"Towards Ontological Commitments with Ω-RIDL Markup Language","Advances in Rule Interchange and Applications","","","","10.1007/978-3-540-75975-1_8","Damien TrogYan TangRobert Meersman","2007","http://link.springer.com/chapter/10.1007/978-3-540-75975-1_8","Chapter"
"Exploiting E-C-A Rules for Defining and Processing Context-Aware Push Messages","Advances in Rule Interchange and Applications","","","","10.1007/978-3-540-75975-1_19","Thomas BeerJörg RasingerWolfram HöpkenMatthias FuchsHannes Werthner","2007","http://link.springer.com/chapter/10.1007/978-3-540-75975-1_19","Chapter"
"An Efficient Location-Aware Publish/Subscribe Index with Boolean Expressions","Web Information Systems Engineering – WISE 2015","","","","10.1007/978-3-319-26190-4_15","Hanhan JiangPengpeng ZhaoVictor S. ShengGuanfeng LiuAn LiuJian WuZhiming Cui","2015","http://link.springer.com/chapter/10.1007/978-3-319-26190-4_15","Chapter"
"Hierarchical Clustering of Metamodels for Comparative Analysis and Visualization","Modelling Foundations and Applications","","","","10.1007/978-3-319-42061-5_1","Önder BaburLoek CleophasMark van den Brand","2016","http://link.springer.com/chapter/10.1007/978-3-319-42061-5_1","Chapter"
"Automatic Building of Socio-semantic Networks for Requirements Analysis","Knowledge Science, Engineering and Management","","","","10.1007/978-3-319-12096-6_4","Christophe ThovexFrancky Trichet","2014","http://link.springer.com/chapter/10.1007/978-3-319-12096-6_4","Chapter"
"Process and Product Approaches in Knowledge Management","Knowledge Asset Management","","","","10.1007/978-1-4471-0069-0_1","Gregoris Mentzas PhDDimitris Apostolou PhDAndreas Abecker Dipl.-Inform.Ron Young FBCS","2003","http://link.springer.com/chapter/10.1007/978-1-4471-0069-0_1","Chapter"
"Combining RDF Vocabularies for Expert Finding","The Semantic Web: Research and Applications","","","","10.1007/978-3-540-72667-8_18","Boanerges Aleman-MezaUldis BojārsHarold BoleyJohn G. BreslinMalgorzata MocholLyndon JB NixonAxel PolleresAnna V. Zhdanova","2007","http://link.springer.com/chapter/10.1007/978-3-540-72667-8_18","Chapter"
"Near-Duplicate Mail Detection Based on URL Information for Spam Filtering","Information Networking. Advances in Data Communications and Wireless Networks","","","","10.1007/11919568_84","Chun-Chao YehChia-Hui Lin","2006","http://link.springer.com/chapter/10.1007/11919568_84","Chapter"
"A RuleML Study on Integrating Geographical and Health Information","Rule Representation, Interchange and Reasoning on the Web","","","","10.1007/978-3-540-88808-6_19","Sheng GaoDarka MiocHarold BoleyFrancois AntonXiaolun Yi","2008","http://link.springer.com/chapter/10.1007/978-3-540-88808-6_19","Chapter"
"Applying the Methodology to a Payables Processing System","Software Failure Risk","","","","10.1007/978-1-4615-3020-6_7","Susan A. Sherer","1992","http://link.springer.com/chapter/10.1007/978-1-4615-3020-6_7","Chapter"
"Building eCommerce Systems from Shared Micro-schemas","On the Move to Meaningful Internet Systems: OTM 2011","","","","10.1007/978-3-642-25109-2_19","Stefania LeoneMoira C. Norrie","2011","http://link.springer.com/chapter/10.1007/978-3-642-25109-2_19","Chapter"
"The tree inclusion problem","TAPSOFT '91","","","","10.1007/3-540-53982-4_12","Pekka KilpeläinenHeikki Mannila","1991","http://link.springer.com/chapter/10.1007/3-540-53982-4_12","Chapter"
"Automatically Solving Simultaneous Type Equations for Type Difference Transformations That Redesign Code","Software Reuse for Dynamic Systems in the Cloud and Beyond","","","","10.1007/978-3-319-14130-5_8","Ted J. Biggerstaff","2014","http://link.springer.com/chapter/10.1007/978-3-319-14130-5_8","Chapter"
"Managing Knowledge in the Human Genetic Variation (HGV) Testing Context","Computer Supported Cooperative Work in Design III","","","","10.1007/978-3-540-72863-4_56","Yulong GuJames WarrenJan Stanek","2007","http://link.springer.com/chapter/10.1007/978-3-540-72863-4_56","Chapter"
"Exploring very large state spaces using genetic algorithms","International Journal on Software Tools for Technology Transfer","","6","2","10.1007/s10009-004-0141-1","Patrice GodefroidSarfraz Khurshid","2004","http://link.springer.com/article/10.1007/s10009-004-0141-1","Article"
"Verification Condition Generation for Permission Logics with Abstract Predicates and Abstraction Functions","ECOOP 2013 – Object-Oriented Programming","","","","10.1007/978-3-642-39038-8_19","Stefan HeuleIoannis T. KassiosPeter MüllerAlexander J. Summers","2013","http://link.springer.com/chapter/10.1007/978-3-642-39038-8_19","Chapter"
"Are RESTful APIs Well-Designed? Detection of their Linguistic (Anti)Patterns","Service-Oriented Computing","","","","10.1007/978-3-662-48616-0_11","Francis PalmaJavier Gonzalez-HuertaNaouel MohaYann-Gaël GuéhéneucGuy Tremblay","2015","http://link.springer.com/chapter/10.1007/978-3-662-48616-0_11","Chapter"
"Inductive Databases and Constraint-Based Data Mining","Formal Concept Analysis","","","","10.1007/978-3-642-20514-9_1","Sašo Džeroski","2011","http://link.springer.com/chapter/10.1007/978-3-642-20514-9_1","Chapter"
"A Custom Browser Architecture to Execute Web Navigation Sequences","Web Information Systems Engineering – WISE 2015","","","","10.1007/978-3-319-26187-4_11","José LosadaJuan RaposoAlberto PanPaula MontotoManuel Álvarez","2015","http://link.springer.com/chapter/10.1007/978-3-319-26187-4_11","Chapter"
"Auction Scenarios of Cultural Products over the WWW","Advances in Informatics","","","","10.1007/11573036_16","D. K. Koukopoulos","2005","http://link.springer.com/chapter/10.1007/11573036_16","Chapter"
"GSPD: A Middleware That Supports Publication and Discovery of Grid Services","Grid and Cooperative Computing","","","","10.1007/978-3-540-24679-4_127","Feilong TangMinglu LiJian CaoQianni DengJiadi YuZhengwei Qi","2004","http://link.springer.com/chapter/10.1007/978-3-540-24679-4_127","Chapter"
"Proactive knowledge delivery for enterprise knowledge management","Learning Software Organizations","","","","10.1007/BFb0101416","Andreas AbeckerAnsgar BernardiMichael Sintek","2000","http://link.springer.com/chapter/10.1007/BFb0101416","Chapter"
"Social Networks as Vital Resources for Adults’ Learning","Virtual and Networked Organizations, Emergent Technologies and Tools","","","","10.1007/978-3-642-31800-9_36","Kathleen P. King","2012","http://link.springer.com/chapter/10.1007/978-3-642-31800-9_36","Chapter"
"On developing a repository structure tailored for reuse with improvement","Learning Software Organizations","","","","10.1007/BFb0101413","Raimund L. Feldmann","2000","http://link.springer.com/chapter/10.1007/BFb0101413","Chapter"
"Improved relevance ranking in WebGather","Journal of Computer Science and Technology","","16","5","10.1007/BF02948958","Ming LeiJianyong WangBaojue ChenXiaoming Li","2001","http://link.springer.com/article/10.1007/BF02948958","Article"
"A browser for software reuse","Advanced Information Systems Engineering","","","","10.1007/BFb0035139","Panos ConstantopoulosElena Pataki","1992","http://link.springer.com/chapter/10.1007/BFb0035139","Chapter"
"Software Process Simulation Modeling: An Extended Systematic Review","New Modeling Concepts for Today’s Software Processes","","","","10.1007/978-3-642-14347-2_27","He ZhangBarbara KitchenhamDietmar Pfahl","2010","http://link.springer.com/chapter/10.1007/978-3-642-14347-2_27","Chapter"
"The Diffusion of Pastebin Tools to Enhance Communication in FLOSS Mailing Lists","Open Source Systems: Adoption and Impact","","","","10.1007/978-3-319-17837-0_5","Megan SquireAmber K. Smith","2015","http://link.springer.com/chapter/10.1007/978-3-319-17837-0_5","Chapter"
"Toolkits for Generating Wrappers","Objects, Components, Architectures, Services, and Applications for a Networked World","","","","10.1007/3-540-36557-5_15","Stefan KuhlinsRoss Tredwell","2003","http://link.springer.com/chapter/10.1007/3-540-36557-5_15","Chapter"
"5. First and Second Generation of Peer-to-Peer Systems","Peer-to-Peer Systems and Applications","","","","10.1007/11530657_5","Jörg EberspächerRüdiger Schollmeier","2005","http://link.springer.com/chapter/10.1007/11530657_5","Chapter"
"Distributed Context Models in Support of Ubiquitous Mobile Awareness Services","Sensor Systems and Software","","","","10.1007/978-3-642-23583-2_9","Jamie WaltersTheo KanterRoger Norling","2011","http://link.springer.com/chapter/10.1007/978-3-642-23583-2_9","Chapter"
"Service Discovery and Orchestration for Distributed Service Repositories","Service-Oriented Computing - ICSOC 2003","","","","10.1007/978-3-540-24593-3_5","Ioannis FikourasEugen Freiter","2003","http://link.springer.com/chapter/10.1007/978-3-540-24593-3_5","Chapter"
"Query Monitoring and Analysis for Database Privacy - A Security Automata Model Approach","Web Information Systems Engineering – WISE 2015","","","","10.1007/978-3-319-26187-4_42","Anand KumarJay LigattiYi-Cheng Tu","2015","http://link.springer.com/chapter/10.1007/978-3-319-26187-4_42","Chapter"