Cites,Authors,Title,Year,Source,Publisher,ArticleURL,CitesURL,GSRank,QueryDate,Type,DOI,ISSN,CitationURL,Volume,Issue,StartPage,EndPage,ECC,CitesPerYear,CitesPerAuthor,AuthorCount,Age
131,"G Gay, S Haiduc, A Marcus…","On the use of relevance feedback in IR-based concept location",2009,"… , 2009. ICSM 2009. IEEE …","ieeexplore.ieee.org","https://ieeexplore.ieee.org/abstract/document/5306315/","https://scholar.google.com/scholar?cites=8489655449304113267&as_sdt=2005&sciodt=0,5&hl=en",1,"2018-11-02","","","","",,,,,131,14.56,33,4,9
73,"G Scanniello, A Marcus","Clustering support for static concept location in source code",2011,"2011 19th IEEE International Conference on …","computer.org","https://www.computer.org/csdl/proceedings/icpc/2011/4398/00/4398a001-abs.html","https://scholar.google.com/scholar?cites=16161795327866593763&as_sdt=2005&sciodt=0,5&hl=en",2,"2018-11-02","","","","",,,,,73,10.43,37,2,7
21,"A Marcus, S Haiduc","Text retrieval approaches for concept location in source code",2009,"Software engineering","Springer","https://link.springer.com/chapter/10.1007/978-3-642-36054-1_5","https://scholar.google.com/scholar?cites=7583867917792979213&as_sdt=2005&sciodt=0,5&hl=en",3,"2018-11-02","","","","",,,,,21,2.33,11,2,9
76,"B Dit, L Guerrouj, D Poshyvanyk…","Can better identifier splitting techniques help feature location?",2011,"2011 19th IEEE …","computer.org","https://www.computer.org/csdl/proceedings/icpc/2011/4398/00/4398a011-abs.html","https://scholar.google.com/scholar?cites=3861342554845925098&as_sdt=2005&sciodt=0,5&hl=en",4,"2018-11-02","","","","",,,,,76,10.86,19,4,7
11,"S Haiduc, A Marcus","On the Effect of the Query in IR-based Concept Location",2011,"Program Comprehension (ICPC), 2011 …","ieeexplore.ieee.org","https://ieeexplore.ieee.org/abstract/document/5970170/","https://scholar.google.com/scholar?cites=3383320365495467981&as_sdt=2005&sciodt=0,5&hl=en",5,"2018-11-02","","","","",,,,,11,1.57,6,2,7
197,"SK Lukins, NA Kraft, LH Etzkorn","Bug localization using latent dirichlet allocation",2010,"Information and Software Technology","Elsevier","https://www.sciencedirect.com/science/article/pii/S0950584910000650","https://scholar.google.com/scholar?cites=17558175859840935212&as_sdt=2005&sciodt=0,5&hl=en",6,"2018-11-02","","","","",,,,,197,24.63,66,3,8
27,"SL Abebe, S Haiduc, P Tonella…","The effect of lexicon bad smells on concept location in source code",2011,"Source Code Analysis …","ieeexplore.ieee.org","https://ieeexplore.ieee.org/abstract/document/6065171/","https://scholar.google.com/scholar?cites=12358896895408776732&as_sdt=2005&sciodt=0,5&hl=en",7,"2018-11-02","","","","",,,,,27,3.86,7,4,7
19,"G Scanniello, A Marcus, D Pascale","Link analysis algorithms for static concept location: an empirical assessment",2015,"Empirical Software Engineering","Springer","https://link.springer.com/article/10.1007/s10664-014-9327-7","https://scholar.google.com/scholar?cites=10379054144741460737&as_sdt=2005&sciodt=0,5&hl=en",8,"2018-11-02","","","","",,,,,19,6.33,6,3,3
53,"CP Wong, Y Xiong, H Zhang, D Hao…","Boosting bug-report-oriented fault localization with segmentation and stack-trace analysis",2014,"2014 IEEE International …","computer.org","https://www.computer.org/csdl/proceedings/icsme/2014/6146/00/6146a181-abs.html","https://scholar.google.com/scholar?cites=8037608723916021864&as_sdt=2005&sciodt=0,5&hl=en",9,"2018-11-02","","","","",,,,,53,13.25,11,5,4
47,"C Sadowski, KT Stolee, S Elbaum","How developers search for code: a case study",2015,"Proceedings of the 2015 10th Joint …","dl.acm.org","https://dl.acm.org/citation.cfm?id=2786855","https://scholar.google.com/scholar?cites=5401539743703149394&as_sdt=2005&sciodt=0,5&hl=en",10,"2018-11-02","","","","",,,,,47,15.67,16,3,3
20,"F Beck, B Dit, J Velasco-Madden, D Weiskopf…","Rethinking user interfaces for feature location",2015,"Proceedings of the …","dl.acm.org","https://dl.acm.org/citation.cfm?id=2820304","https://scholar.google.com/scholar?cites=5435626591032024262&as_sdt=2005&sciodt=0,5&hl=en",11,"2018-11-02","","","","",,,,,20,6.67,4,5,3
7,"S Haiduc","Automatically Detecting the Quality of the Query and its Implications in IR-based Concept Location",2011,"Proceedings of the 2011 26th IEEE/ACM International …","dl.acm.org","https://dl.acm.org/citation.cfm?id=2190158","https://scholar.google.com/scholar?cites=12849152100943708321&as_sdt=2005&sciodt=0,5&hl=en",12,"2018-11-02","","","","",,,,,7,1.00,7,1,7
5,"E Hill, B Sisman, A Kak","On the use of positional proximity in IR-based feature location",2014,"Software Maintenance, Reengineering …","ieeexplore.ieee.org","https://ieeexplore.ieee.org/abstract/document/6747185/","https://scholar.google.com/scholar?cites=13713869811081372299&as_sdt=2005&sciodt=0,5&hl=en",13,"2018-11-02","","","","",,,,,5,1.25,2,3,4
15,"L Pollock, K Vijay-Shanker, E Hill, G Sridhara…","Natural language-based software analyses and tools for software maintenance",2009,"Software …","Springer","https://link.springer.com/chapter/10.1007/978-3-642-36054-1_4","https://scholar.google.com/scholar?cites=307362866290563540&as_sdt=2005&sciodt=0,5&hl=en",14,"2018-11-02","","","","",,,,,15,1.67,3,5,9
18,"B Sisman, AC Kak","Bug localization using version history",2014,"US Patent App. 14/091,708","Google Patents","https://patents.google.com/patent/US20140149435A1/en","https://scholar.google.com/scholar?cites=1945691620569544624&as_sdt=2005&sciodt=0,5&hl=en",15,"2018-11-02","","","","",,,,,18,4.50,9,2,4
27,"OAL Lemos, AC de Paula, FC Zanichelli…","Thesaurus-based automatic query expansion for interface-driven code search",2014,"Proceedings of the 11th …","dl.acm.org","https://dl.acm.org/citation.cfm?id=2597087","https://scholar.google.com/scholar?cites=88662777196509598&as_sdt=2005&sciodt=0,5&hl=en",16,"2018-11-02","","","","",,,,,27,6.75,7,4,4
49,"SK Bajracharya, CV Lopes","Analyzing and mining a code search engine usage log",2012,"Empirical Software Engineering","Springer","https://link.springer.com/article/10.1007/s10664-010-9144-6","https://scholar.google.com/scholar?cites=12466344067251122819&as_sdt=2005&sciodt=0,5&hl=en",17,"2018-11-02","HTML","","","",,,,,49,8.17,25,2,6
4,"E Hill, A Bacchelli, D Binkley, B Dit…","Which feature location technique is better?",2013,"… (ICSM), 2013 29th …","ieeexplore.ieee.org","https://ieeexplore.ieee.org/abstract/document/6676919/","https://scholar.google.com/scholar?cites=15768976493629970923&as_sdt=2005&sciodt=0,5&hl=en",18,"2018-11-02","","","","",,,,,4,0.80,1,5,5
8,"Z Shi, J Keung, Q Song","An empirical study of BM25 and BM25F based feature location techniques",2014,"Proceedings of the International Workshop on …","dl.acm.org","https://dl.acm.org/citation.cfm?id=2666594","https://scholar.google.com/scholar?cites=10886440677733639248&as_sdt=2005&sciodt=0,5&hl=en",19,"2018-11-02","","","","",,,,,8,2.00,3,3,4
11,"OAL Lemos, AC de Paula, H Sajnani…","Can the use of types and query expansion help improve large-scale code search?",2015,"Source Code Analysis …","ieeexplore.ieee.org","https://ieeexplore.ieee.org/abstract/document/7335400/","https://scholar.google.com/scholar?cites=3074193377144862465&as_sdt=2005&sciodt=0,5&hl=en",20,"2018-11-02","","","","",,,,,11,3.67,3,4,3
7,"D Binkley, D Lawrie, C Uehlinger, D Heinz","Enabling improved ir-based feature location",2015,"Journal of Systems and …","Elsevier","https://www.sciencedirect.com/science/article/pii/S0164121214002428","https://scholar.google.com/scholar?cites=11756276956553477892&as_sdt=2005&sciodt=0,5&hl=en",21,"2018-11-02","","","","",,,,,7,2.33,2,4,3
19,"L Moreno, G Bavota, S Haiduc, M Di Penta…","Query-based configuration of text retrieval solutions for software engineering tasks",2015,"Proceedings of the …","dl.acm.org","https://dl.acm.org/citation.cfm?id=2786859","https://scholar.google.com/scholar?cites=6291981931944362780&as_sdt=2005&sciodt=0,5&hl=en",22,"2018-11-02","","","","",,,,,19,6.33,4,5,3
13,"Y Zhang, D Lo, X Xia, TDB Le, G Scanniello, J Sun","Inferring links between concerns and methods with multi-abstraction vector space model",2016,"","ink.library.smu.edu.sg","http://ink.library.smu.edu.sg/sis_research/3667/","https://scholar.google.com/scholar?cites=14209945483541624122&as_sdt=2005&sciodt=0,5&hl=en",23,"2018-11-02","","","","",,,,,13,6.50,2,6,2
4,"N Alhindawi, J Alsakran, A Rodan…","A survey of concepts location enhancement for program comprehension and maintenance",2014,"Journal of Software …","eacademic.ju.edu.jo","http://eacademic.ju.edu.jo/a.rodan/Lists/Published%20Research/Attachments/7/JSEA_2014052012052070%20(1).pdf","https://scholar.google.com/scholar?cites=12161591932702745797&as_sdt=2005&sciodt=0,5&hl=en",24,"2018-11-02","PDF","","","",,,,,4,1.00,1,4,4
18,"D Binkley, D Lawrie","Learning to rank improves IR in SE",2014,"Software Maintenance and Evolution …","ieeexplore.ieee.org","https://ieeexplore.ieee.org/abstract/document/6976114/","https://scholar.google.com/scholar?cites=14319904228793670178&as_sdt=2005&sciodt=0,5&hl=en",25,"2018-11-02","","","","",,,,,18,4.50,9,2,4
4,"MM Rahman, CK Roy","STRICT: Information retrieval based search term identification for concept location",2017,"Software Analysis, Evolution and …","ieeexplore.ieee.org","https://ieeexplore.ieee.org/abstract/document/7884611/","https://scholar.google.com/scholar?cites=3683557270721060899&as_sdt=2005&sciodt=0,5&hl=en",26,"2018-11-02","","","","",,,,,4,4.00,2,2,1
3,"B Sisman, SA Akbar, AC Kak","Exploiting spatial code proximity and order for improved source code retrieval for bug localization",2017,"Journal of Software: Evolution …","Wiley Online Library","https://onlinelibrary.wiley.com/doi/abs/10.1002/smr.1805","https://scholar.google.com/scholar?cites=14041856741715759360&as_sdt=2005&sciodt=0,5&hl=en",27,"2018-11-02","","","","",,,,,3,3.00,1,3,1
28,"C Treude, MP Robillard…","Extracting development tasks to navigate software documentation",2015,"IEEE Transactions on …","ieeexplore.ieee.org","https://ieeexplore.ieee.org/abstract/document/7000568/","https://scholar.google.com/scholar?cites=7170502041181141878&as_sdt=2005&sciodt=0,5&hl=en",28,"2018-11-02","","","","",,,,,28,9.33,9,3,3
94,"Y Ke, KT Stolee, C Le Goues…","Repairing programs with semantic code search (t)",2015,"… Engineering (ASE), 2015 …","ieeexplore.ieee.org","https://ieeexplore.ieee.org/abstract/document/7372019/","https://scholar.google.com/scholar?cites=16959584698881501758&as_sdt=2005&sciodt=0,5&hl=en",29,"2018-11-02","","","","",,,,,94,31.33,24,4,3
4,"R Francese, M Risi, G Scanniello","Enhancing Software Visualization with Information Retrieval",2015,"Information Visualisation (iV …","ieeexplore.ieee.org","https://ieeexplore.ieee.org/abstract/document/7272600/","https://scholar.google.com/scholar?cites=15680230022638755853&as_sdt=2005&sciodt=0,5&hl=en",30,"2018-11-02","","","","",,,,,4,1.33,1,3,3
3,"M Sulír, J Porubän","Locating user interface concepts in source code",2016,"OASIcs-OpenAccess Series in Informatics","drops.dagstuhl.de","http://drops.dagstuhl.de/opus/volltexte/2016/6011/","https://scholar.google.com/scholar?cites=14636908342543280670&as_sdt=2005&sciodt=0,5&hl=en",31,"2018-11-02","","","","",,,,,3,1.50,2,2,2
9,"C Mills, G Bavota, S Haiduc, R Oliveto…","Predicting query quality for applications of text retrieval to software engineering tasks",2017,"ACM Transactions on …","dl.acm.org","https://dl.acm.org/citation.cfm?id=3078841","https://scholar.google.com/scholar?cites=11049128842174702112&as_sdt=2005&sciodt=0,5&hl=en",32,"2018-11-02","","","","",,,,,9,9.00,2,5,1
1,"P Shao","Combining information retrieval modules and structural information for source code bug localization and feature location",2011,"","ir.ua.edu","http://ir.ua.edu/handle/123456789/1238","https://scholar.google.com/scholar?cites=15943469876104842755&as_sdt=2005&sciodt=0,5&hl=en",33,"2018-11-02","","","","",,,,,1,0.14,1,1,7
2,"S Haiduc","Supporting query formulation for text retrieval applications in software engineering",2014,"Software Maintenance and Evolution (ICSME), 2014 …","ieeexplore.ieee.org","https://ieeexplore.ieee.org/abstract/document/6976161/","https://scholar.google.com/scholar?cites=3222374949109085116&as_sdt=2005&sciodt=0,5&hl=en",34,"2018-11-02","","","","",,,,,2,0.50,2,1,4
1728,"P Ewick, SS Silbey","The common place of law: Stories from everyday life",1998,"","books.google.com","https://books.google.com/books?hl=en&lr=&id=H6Cil7eLCUcC&oi=fnd&pg=PR9&dq=%22(%22query+reformulation%22+)+++AND+++(++%22bug+localization%22++OR++%22concept+location%22++OR++%22feature+location%22++OR++%22concern+location%22++OR++%22code+search%22+++)%22&ots=ekH0KKt0Oa&sig=jz-5W7ynBh9DS0WIhJzD_S3YAX4","https://scholar.google.com/scholar?cites=7104086195987748666&as_sdt=2005&sciodt=0,5&hl=en",35,"2018-11-02","BOOK","","","",,,,,1728,86.40,864,2,20
2,"Y Zhang, D Lo, X Xia, G Scanniello, TDB Le…","Fusing multi-abstraction vector space models for concern localization",2018,"Empirical Software …","Springer","https://link.springer.com/article/10.1007/s10664-017-9585-2","https://scholar.google.com/scholar?cites=2435166078803421900&as_sdt=2005&sciodt=0,5&hl=en",36,"2018-11-02","","","","",,,,,2,2.00,0,6,1
1,"SD Ohlemacher, A Marcus","Towards a Benchmark and Automatic Calibration for IR-Based Concept Location",2011,"Program Comprehension (ICPC) …","ieeexplore.ieee.org","https://ieeexplore.ieee.org/abstract/document/5970173/","https://scholar.google.com/scholar?cites=14431732385509523186&as_sdt=2005&sciodt=0,5&hl=en",37,"2018-11-02","","","","",,,,,1,0.14,1,2,7
2,"SC Haiduc","Supporting text retrieval query formulation in software engineering",2013,"","digitalcommons.wayne.edu","http://digitalcommons.wayne.edu/cgi/viewcontent.cgi?article=1764&context=oa_dissertations","https://scholar.google.com/scholar?cites=861087830708393164&as_sdt=2005&sciodt=0,5&hl=en",38,"2018-11-02","PDF","","","",,,,,2,0.40,2,1,5
7,"O Chaparro, JM Florez, A Marcus","Using Observed Behavior to Reformulate Queries during Text Retrieval-based Bug Localization",2017,"Software Maintenance and …","ieeexplore.ieee.org","https://ieeexplore.ieee.org/abstract/document/8094437/","https://scholar.google.com/scholar?cites=4119087369269369295&as_sdt=2005&sciodt=0,5&hl=en",39,"2018-11-02","","","","",,,,,7,7.00,2,3,1
1,"E Hill, D Shepherd, L Pollock","Exploring the use of concern element role information in feature location evaluation",2015,"Proceedings of the 2015 IEEE 23rd …","dl.acm.org","https://dl.acm.org/citation.cfm?id=2820303","https://scholar.google.com/scholar?cites=6903120546507544566&as_sdt=2005&sciodt=0,5&hl=en",40,"2018-11-02","","","","",,,,,1,0.33,0,3,3
2,"AC Marcén, J Font, Ó Pastor, C Cetina","Towards feature location in models through a learning to rank approach",2017,"Proceedings of the 21st …","dl.acm.org","https://dl.acm.org/citation.cfm?id=3109734","https://scholar.google.com/scholar?cites=2556932348323754923&as_sdt=2005&sciodt=0,5&hl=en",41,"2018-11-02","","","","",,,,,2,2.00,1,4,1
1,"D Binkley, D Lawrie, C Morrell","The need for software specific natural language techniques",2018,"Empirical Software Engineering","Springer","https://link.springer.com/article/10.1007/s10664-017-9566-5","https://scholar.google.com/scholar?cites=17500363103832234721&as_sdt=2005&sciodt=0,5&hl=en",42,"2018-11-02","","","","",,,,,1,1.00,0,3,1
8,"S Rao, H Medeiros, A Kak","An incremental update framework for efficient retrieval from software libraries for bug localization",2013,"Reverse Engineering (WCRE) …","ieeexplore.ieee.org","https://ieeexplore.ieee.org/abstract/document/6671281/","https://scholar.google.com/scholar?cites=16684438119324727693&as_sdt=2005&sciodt=0,5&hl=en",43,"2018-11-02","","","","",,,,,8,1.60,3,3,5
0,"F Pérez, J Font, L Arcega, C Cetina","Automatic query reformulations for feature location in a model-based family of software products",2018,"Data & Knowledge Engineering","Elsevier","https://www.sciencedirect.com/science/article/pii/S0169023X17301714","",44,"2018-11-02","","","","",,,,,0,0.00,0,4,1
0,"MM Rahman, CK Roy","Improving IR-Based Bug Localization with Context-Aware Query Reformulation",2018,"arXiv preprint arXiv:1808.00594","arxiv.org","https://arxiv.org/abs/1808.00594","",45,"2018-11-02","","","","",,,,,0,0.00,0,2,1
3,"MM Rahman, CK Roy","Improved query reformulation for concept location using CodeRank and document structures",2017,"Proceedings of the 32nd IEEE/ACM International …","dl.acm.org","https://dl.acm.org/citation.cfm?id=3155618","https://scholar.google.com/scholar?cites=6159276214274771179&as_sdt=2005&sciodt=0,5&hl=en",46,"2018-11-02","","","","",,,,,3,3.00,2,2,1
0,"C Mills, J Pantiuchina, E Parra, G Bavota, S Haiduc","Are Bug Reports Enough for Text Retrieval-based Bug Localization?",,"cs.fsu.edu","","http://www.cs.fsu.edu/~serene/wp-content/uploads/2018/07/PID5473225.pdf","",47,"2018-11-02","PDF","","","",,,,,0,0.00,0,5,
0,"A Marcus, A Sergeyev, V Rajlich, J Maletic","BEHIND THE PAPER",,"pdfs.semanticscholar.org","","https://pdfs.semanticscholar.org/dd8d/b844f215e8ee40a14119530acbe8fa503255.pdf","",48,"2018-11-02","PDF","","","",,,,,0,0.00,0,4,
0,"R Gharibi, AH Rasekh, MH Sadreddini…","Leveraging textual properties of bug reports to localize relevant source files",2018,"Information Processing …","Elsevier","https://www.sciencedirect.com/science/article/pii/S0306457318301092","",49,"2018-11-02","","","","",,,,,0,0.00,0,4,1
0,"AFW Riaño","Analyzing the Impact of Information Retrieval and Relevance Feedback Techniques on Concept Location Tasks",,"bdigital.unal.edu.co","","http://bdigital.unal.edu.co/61512/7/andresfernandowilchesria%C3%B1o.2017.pdf","",50,"2018-11-02","PDF","","","",,,,,0,0.00,0,1,
0,"MM Rahman, CK Roy, D Lo","RACK: Code search in the IDE using crowdsourced knowledge",2017,"… (ICSE-C), 2017 IEEE/ACM 39th …","ieeexplore.ieee.org","https://ieeexplore.ieee.org/abstract/document/7965255/","",51,"2018-11-02","","","","",,,,,0,0.00,0,3,1
0,"H Niu","Improving Code Search Using Learning-to-Rank and Query Reformulation Techniques",2015,"","qspace.library.queensu.ca","http://qspace.library.queensu.ca/handle/1974/13431","",52,"2018-11-02","","","","",,,,,0,0.00,0,1,3
0,"MM Rahman, CK Roy","Effective Reformulation of Query for Code Search using Crowdsourced Knowledge and Extra-Large Data Analytics",2018,"arXiv preprint arXiv:1807.08798","arxiv.org","https://arxiv.org/abs/1807.08798","",53,"2018-11-02","","","","",,,,,0,0.00,0,2,1
0,"F Pérez, AC Marcén, R Lapeña, C Cetina","Introducing Collaboration for Locating Features in Models: Approach and Industrial Evaluation",2017,"… International Conferences"" On …","Springer","https://link.springer.com/chapter/10.1007/978-3-319-69462-7_9","",54,"2018-11-02","","","","",,,,,0,0.00,0,4,1
0,"ABW Bandara","On The Relationship Between The Vocabulary Of Bug Reports And Source Code",2013,"","digitalcommons.wayne.edu","https://digitalcommons.wayne.edu/oa_theses/289/","",55,"2018-11-02","","","","",,,,,0,0.00,0,1,5
0,"BP Eddy","Using the structural location of terms to improve the results of text retrieval based approaches to feature location",2015,"","ir.ua.edu","http://ir.ua.edu/handle/123456789/2383","",56,"2018-11-02","","","","",,,,,0,0.00,0,1,3
0,"L Arcega, J Font, C Cetina","Evolutionary Algorithm for Bug Localization in the Reconfigurations of Models at Runtime",2018,"Proceedings of the 21th ACM/IEEE …","dl.acm.org","https://dl.acm.org/citation.cfm?id=3239392","",57,"2018-11-02","","","","",,,,,0,0.00,0,3,1
0,"B Sisman","Source code retrieval from large software libraries for automatic bug localization",2013,"","docs.lib.purdue.edu","https://docs.lib.purdue.edu/open_access_dissertations/66/","",58,"2018-11-02","","","","",,,,,0,0.00,0,1,5
0,"S Wang","Multimodal Code Search",2015,"","ink.library.smu.edu.sg","https://ink.library.smu.edu.sg/etd_coll/116/","",59,"2018-11-02","","","","",,,,,0,0.00,0,1,3
0,"F Pérez, R Lapeña, J Font, C Cetina","Fragment retrieval on models for model maintenance: Applying a multi-objective perspective to an industrial case study",2018,"Information and Software Technology","Elsevier","https://www.sciencedirect.com/science/article/pii/S0950584918301307","",60,"2018-11-02","","","","",,,,,0,0.00,0,4,1
64,"S Yoo","Evolving human competitive spectra-based fault localisation techniques",2012,"International Symposium on Search Based Software …","Springer","https://link.springer.com/chapter/10.1007/978-3-642-33119-0_18","https://scholar.google.com/scholar?cites=17357434222679221094&as_sdt=2005&sciodt=0,5&hl=en",61,"2018-11-02","","","","",,,,,64,10.67,64,1,6
2,"D Binkley, D Lawrie","The impact of vocabulary normalization",2015,"Journal of Software: Evolution and …","Wiley Online Library","https://onlinelibrary.wiley.com/doi/abs/10.1002/smr.1710","https://scholar.google.com/scholar?cites=17449402485310588780&as_sdt=2005&sciodt=0,5&hl=en",62,"2018-11-02","","","","",,,,,2,0.67,1,2,3
44,"E Hill","Integrating natural language and program structure information to improve software search and exploration",2010,"","researchgate.net","https://www.researchgate.net/profile/Emily_Hill8/publication/268349570_Natural_Language-Based_Software_Analyses_and_Tools_for_Software_Maintenance/links/55f87e0908ae07629dd731a5/Natural-Language-Based-Software-Analyses-and-Tools-for-Software-Maintenance.pdf","https://scholar.google.com/scholar?cites=250474590714599308&as_sdt=2005&sciodt=0,5&hl=en",63,"2018-11-02","BOOK","","","",,,,,44,5.50,44,1,8
1,"Z Lin, Y Zou, J Zhao, B Xie","Improving software text retrieval using conceptual knowledge in source code",2017,"Proceedings of the 32nd IEEE/ACM …","dl.acm.org","https://dl.acm.org/citation.cfm?id=3155582","https://scholar.google.com/scholar?cites=12360073045746699458&as_sdt=2005&sciodt=0,5&hl=en",64,"2018-11-02","","","","",,,,,1,1.00,0,4,1
27,"M Ito","Network localities: Identity, place, and digital media",1999,"Paper. In: 1999 meetings of the Society for the Social …","academia.edu","http://www.academia.edu/download/30697329/locality.pdf","https://scholar.google.com/scholar?cites=8373385517852066890&as_sdt=2005&sciodt=0,5&hl=en",65,"2018-11-02","PDF","","","",,,,,27,1.42,27,1,19
1,"NT Alhindawi","Supporting Source Code Comprehension During Software Evolution and Maintenance",2013,"","rave.ohiolink.edu","http://rave.ohiolink.edu/etdc/view?acc_num=kent1374790792","https://scholar.google.com/scholar?cites=1706057943498005809&as_sdt=2005&sciodt=0,5&hl=en",66,"2018-11-02","","","","",,,,,1,0.20,1,1,5
126,"WE Wong, V Debroy","A survey of software fault localization",2009,"… of Computer Science, University of Texas …","ieeexplore.ieee.org","https://ieeexplore.ieee.org/iel7/32/4359463/07390282.pdf","https://scholar.google.com/scholar?cites=6407918330060559846&as_sdt=2005&sciodt=0,5&hl=en",67,"2018-11-02","","","","",,,,,126,14.00,63,2,9
61,"C Pasquier","Biological data integration using Semantic Web technologies",2008,"Biochimie","Elsevier","https://www.sciencedirect.com/science/article/pii/S0300908408000412","https://scholar.google.com/scholar?cites=8082244600859956631&as_sdt=2005&sciodt=0,5&hl=en",68,"2018-11-02","","","","",,,,,61,6.10,61,1,10
6,"A Yousefi, A Wassyng","A call graph mining and matching based defect localization technique",2013,"2013 IEEE Sixth International Conference on …","computer.org","https://www.computer.org/csdl/proceedings/icstw/2013/4993/00/4993a086-abs.html","https://scholar.google.com/scholar?cites=12883602613593330660&as_sdt=2005&sciodt=0,5&hl=en",69,"2018-11-02","","","","",,,,,6,1.20,3,2,5
2,"M Petrenko","On use of dependency and semantics information in incremental change",2009,"","search.proquest.com","http://search.proquest.com/openview/7a3c540acd571f4b935ec35f516222f3/1?pq-origsite=gscholar&cbl=18750&diss=y","https://scholar.google.com/scholar?cites=7067575251527257591&as_sdt=2005&sciodt=0,5&hl=en",70,"2018-11-02","","","","",,,,,2,0.22,2,1,9
0,"Y Zhang, D Lo, X Xia, J Jiang, J Sun","Recommending frequently encountered bugs",2018,"Proceedings of the 26th …","dl.acm.org","https://dl.acm.org/citation.cfm?id=3196348","",71,"2018-11-02","","","","",,,,,0,0.00,0,5,1
1,"X Wang","Exploring action unit granularity of source code for supporting software maintenance",2017,"","dspace.udel.edu","http://dspace.udel.edu/handle/19716/21806","https://scholar.google.com/scholar?cites=14913259539481409679&as_sdt=2005&sciodt=0,5&hl=en",72,"2018-11-02","","","","",,,,,1,1.00,1,1,1
24,"K Dunne","Putting the cart behind the horse: rethinking localization quality management",2006,"Perspectives on localization","books.google.com","https://books.google.com/books?hl=en&lr=&id=BY86AAAAQBAJ&oi=fnd&pg=PA95&dq=%22(%22query+reformulation%22+)+++AND+++(++%22bug+localization%22++OR++%22concept+location%22++OR++%22feature+location%22++OR++%22concern+location%22++OR++%22code+search%22+++)%22&ots=yZGwNbuBlf&sig=_kiy_s2Xlm754M8NlnFeXWTpJHQ","https://scholar.google.com/scholar?cites=9458662540379358218&as_sdt=2005&sciodt=0,5&hl=en",73,"2018-11-02","","","","",,,,,24,2.00,24,1,12
7,"S De la Barre","Place identity, guides, and sustainable tourism in Canada's Yukon Territory",2009,"","era.library.ualberta.ca","https://era.library.ualberta.ca/items/74c80dce-609e-41c9-b388-d6393775f561/view/c131cece-c7bf-4049-8f16-ea14fa2d168c/de%2520la%2520Barre_Suzanne_%2520Fall%25202009.pdf","https://scholar.google.com/scholar?cites=3478481107156625462&as_sdt=2005&sciodt=0,5&hl=en",74,"2018-11-02","PDF","","","",,,,,7,0.78,7,1,9
10,"A Mahmoud, G Bradshaw","Estimating semantic relatedness in source code",2015,"ACM Transactions on Software Engineering …","dl.acm.org","https://dl.acm.org/citation.cfm?id=2824251","https://scholar.google.com/scholar?cites=2908788361055082020&as_sdt=2005&sciodt=0,5&hl=en",75,"2018-11-02","","","","",,,,,10,3.33,5,2,3
1,"B Dit","Configuring and Assembling Information Retrieval based Solutions for Software Engineering Tasks",2015,"","search.proquest.com","http://search.proquest.com/openview/58f3850bc9321891b9a480d0eaf83cc2/1?pq-origsite=gscholar&cbl=18750&diss=y","https://scholar.google.com/scholar?cites=13769650780529043215&as_sdt=2005&sciodt=0,5&hl=en",76,"2018-11-02","BOOK","","","",,,,,1,0.33,1,1,3
7,"SK Bajracharya","Facilitating internet-scale code retrieval",2010,"","search.proquest.com","http://search.proquest.com/openview/4cf3791d8aaed00392278597d38e917b/1?pq-origsite=gscholar&cbl=18750&diss=y","https://scholar.google.com/scholar?cites=15746223579315045543&as_sdt=2005&sciodt=0,5&hl=en",77,"2018-11-02","BOOK","","","",,,,,7,0.88,7,1,8
0,"TVD Hoang, RJ Oentaryo, TDB Le…","Network-Clustered Multi-Modal Bug Localization",2018,"IEEE Transactions on …","ieeexplore.ieee.org","https://ieeexplore.ieee.org/abstract/document/8306117/","",78,"2018-11-02","","","","",,,,,0,0.00,0,4,1
0,"B Dit","APPROVAL PAGE",2015,"","Citeseer","http://citeseerx.ist.psu.edu/viewdoc/download?doi=10.1.1.699.7385&rep=rep1&type=pdf","",79,"2018-11-02","PDF","","","",,,,,0,0.00,0,1,3
311,"C Parnin, A Orso","Are automated debugging techniques actually helping programmers?",2011,"Proceedings of the 2011 international symposium on …","dl.acm.org","https://dl.acm.org/citation.cfm?id=2001445","https://scholar.google.com/scholar?cites=17278179178396840794&as_sdt=2005&sciodt=0,5&hl=en",80,"2018-11-02","","","","",,,,,311,44.43,156,2,7
98,"M Martinez, M Monperrus","Mining software repair models for reasoning on the search space of automated program fixing",2015,"Empirical Software Engineering","Springer","https://link.springer.com/article/10.1007/s10664-013-9282-8","https://scholar.google.com/scholar?cites=3802066250173340298&as_sdt=2005&sciodt=0,5&hl=en",81,"2018-11-02","","","","",,,,,98,32.67,49,2,3
3,"Y Ke","An automated approach to program repair with semantic code search",2015,"","lib.dr.iastate.edu","https://lib.dr.iastate.edu/etd/14813/","https://scholar.google.com/scholar?cites=572972375945860378&as_sdt=2005&sciodt=0,5&hl=en",82,"2018-11-02","","","","",,,,,3,1.00,3,1,3
101,"E Graham","Between a rock and a hard place: Public theology in a post-secular age",2013,"","books.google.com","https://books.google.com/books?hl=en&lr=&id=RnCv7Y7oxJ0C&oi=fnd&pg=PR1&dq=%22(%22query+reformulation%22+)+++AND+++(++%22bug+localization%22++OR++%22concept+location%22++OR++%22feature+location%22++OR++%22concern+location%22++OR++%22code+search%22+++)%22&ots=q3Fungxa-y&sig=6U5DYcbgh1MZ0LvjCo2Jsk5QoJg","https://scholar.google.com/scholar?cites=16607959715200504012&as_sdt=2005&sciodt=0,5&hl=en",83,"2018-11-02","BOOK","","","",,,,,101,20.20,101,1,5
165,"WE Wong, R Gao, Y Li, R Abreu…","A survey on software fault localization",2016,"IEEE Transactions on …","ieeexplore.ieee.org","https://ieeexplore.ieee.org/abstract/document/7390282/","https://scholar.google.com/scholar?cites=517074276150213009&as_sdt=2005&sciodt=0,5&hl=en",84,"2018-11-02","","","","",,,,,165,82.50,33,5,2
8,"M Unterkalmsteiner, T Gorschek, R Feldt…","Large-scale information retrieval in software engineering-an experience report from industrial application",2016,"Empirical Software …","Springer","https://link.springer.com/article/10.1007/s10664-015-9410-8","https://scholar.google.com/scholar?cites=15849834178571997594&as_sdt=2005&sciodt=0,5&hl=en",85,"2018-11-02","","","","",,,,,8,4.00,2,4,2
0,"F Asadi","A heuristic-based approach to locate concepts in execution traces",2010,"","publications.polymtl.ca","https://publications.polymtl.ca/337/","",86,"2018-11-02","","","","",,,,,0,0.00,0,1,8
24,"K Guenther","Making their place: Feminism after socialism in Eastern Germany",2010,"","books.google.com","https://books.google.com/books?hl=en&lr=&id=Z0_1PobCR5sC&oi=fnd&pg=PR5&dq=%22(%22query+reformulation%22+)+++AND+++(++%22bug+localization%22++OR++%22concept+location%22++OR++%22feature+location%22++OR++%22concern+location%22++OR++%22code+search%22+++)%22&ots=-3hOetyYls&sig=w6-QZHayrMuRUx9aCVUf3R0-DkI","https://scholar.google.com/scholar?cites=10082640074555624057&as_sdt=2005&sciodt=0,5&hl=en",87,"2018-11-02","BOOK","","","",,,,,24,3.00,24,1,8
89,"DM Smith","Moral progress in human geography: transcending the place of good fortune",2000,"Progress in Human Geography","journals.sagepub.com","http://journals.sagepub.com/doi/abs/10.1191/030913200671792325","https://scholar.google.com/scholar?cites=9639141868507990519&as_sdt=2005&sciodt=0,5&hl=en",88,"2018-11-02","","","","",,,,,89,4.94,89,1,18
53,"P McMinn, M Shahbaz…","Search-based test input generation for string data types using the results of web queries",2012,"… Testing, Verification and …","ieeexplore.ieee.org","https://ieeexplore.ieee.org/abstract/document/6200106/","https://scholar.google.com/scholar?cites=4998143129042647329&as_sdt=2005&sciodt=0,5&hl=en",89,"2018-11-02","","","","",,,,,53,8.83,18,3,6
0,"V Vinayakarao, R Purandare","Code variants and their retrieval using knowledge discovery based approaches",2018,"","repository.iiitd.edu.in","https://repository.iiitd.edu.in/jspui/handle/123456789/625","",90,"2018-11-02","","","","",,,,,0,0.00,0,2,1
36,"ST Dumais, KG Peltonen, A Gupta…","Context-based search, retrieval, and awareness",2008,"US Patent App. 11 …","Google Patents","https://patents.google.com/patent/US20080005067A1/en","https://scholar.google.com/scholar?cites=3249026761626752941&as_sdt=2005&sciodt=0,5&hl=en",91,"2018-11-02","","","","",,,,,36,3.60,9,4,10
141,"RA Beck Jr, DJ Bolender, JA Brown…","Eventful archaeology: the place of space in structural transformation",2007,"Current …","journals.uchicago.edu","https://www.journals.uchicago.edu/doi/abs/10.1086/520974","https://scholar.google.com/scholar?cites=2820284534649172850&as_sdt=2005&sciodt=0,5&hl=en",92,"2018-11-02","","","","",,,,,141,12.82,35,4,11
9,"SP Reiss, Y Miao, Q Xin","Seeking the user interface",2018,"Automated Software Engineering","Springer","https://link.springer.com/article/10.1007/s10515-017-0216-3","https://scholar.google.com/scholar?cites=13512439691237839824&as_sdt=2005&sciodt=0,5&hl=en",93,"2018-11-02","","","","",,,,,9,9.00,3,3,1
0,"S Earnest","Constructions of place, culture, and identity in historic preservation: A case study of Hickory Ground, Alabama",2009,"","search.proquest.com","http://search.proquest.com/openview/7c916fb7e96977d643175e58ce36d817/1?pq-origsite=gscholar&cbl=18750&diss=y","",94,"2018-11-02","BOOK","","","",,,,,0,0.00,0,1,9
539,"C Brumann","Writing for culture: Why a successful concept should not be discarded",1999,"Current anthropology","journals.uchicago.edu","https://www.journals.uchicago.edu/doi/abs/10.1086/200058","https://scholar.google.com/scholar?cites=7001809089296470853&as_sdt=2005&sciodt=0,5&hl=en",95,"2018-11-02","","","","",,,,,539,28.37,539,1,19
154,"PF Carspecken","Critical ethnographies from Houston: Distinctive features and directions",2001,"Critical ethnography and education","emeraldinsight.com","https://www.emeraldinsight.com/doi/abs/10.1016/S1529-210X(01)80003-6","https://scholar.google.com/scholar?cites=3897392463696354906&as_sdt=2005&sciodt=0,5&hl=en",96,"2018-11-02","","","","",,,,,154,9.06,154,1,17
0,"R Sims","The Tourist G (r) aze: Understanding place and identity through holiday food and drink",2008,"","eprints.lancs.ac.uk","http://eprints.lancs.ac.uk/54125/1/THESIS_version_2.pdf","",97,"2018-11-02","PDF","","","",,,,,0,0.00,0,1,10
182,"J Barker","Sovereignty matters: Locations of contestation and possibility in indigenous struggles for self-determination",2005,"","books.google.com","https://books.google.com/books?hl=en&lr=&id=nHp7-BTy57MC&oi=fnd&pg=PR1&dq=%22(%22query+reformulation%22+)+++AND+++(++%22bug+localization%22++OR++%22concept+location%22++OR++%22feature+location%22++OR++%22concern+location%22++OR++%22code+search%22+++)%22&ots=0If4SzjqZr&sig=FHo6YsdaGM45kb9_hlrICp6Mars","https://scholar.google.com/scholar?cites=14271022709738681439&as_sdt=2005&sciodt=0,5&hl=en",98,"2018-11-02","BOOK","","","",,,,,182,14.00,182,1,13
0,"D Burley","Land Loss: Attachment, Place and Identity in Coastal Louisiana",2006,"","scholarworks.uno.edu","http://scholarworks.uno.edu/cgi/viewcontent.cgi?article=1482&context=td","",99,"2018-11-02","PDF","","","",,,,,0,0.00,0,1,12
0,"PW Stanfield","An Exploration of Place-Based TESOL",2012,"","ore.exeter.ac.uk","https://ore.exeter.ac.uk/repository/handle/10036/4185","",100,"2018-11-02","","","","",,,,,0,0.00,0,1,6
0,"S Gupta, SK Gupta","SUMMARIZATION OF SOFTWARE ARTIFACTS: A",,"aircconline.com","","http://aircconline.com/ijcsit/V9N5/9517ijcsit12.pdf","",101,"2018-11-02","PDF","","","",,,,,0,0.00,0,2,
11,"X Xia, D Lo","An effective change recommendation approach for supplementary bug fixes",2017,"Automated Software Engineering","Springer","https://link.springer.com/article/10.1007/s10515-016-0204-z","https://scholar.google.com/scholar?cites=9824055153264803681&as_sdt=2005&sciodt=0,5&hl=en",102,"2018-11-02","","","","",,,,,11,11.00,6,2,1
64,"A Mirsepassi, A Basu, FS Weaver","Localizing knowledge in a globalizing world: Recasting the area studies debate",2003,"","books.google.com","https://books.google.com/books?hl=en&lr=&id=6HlwCfvGJvEC&oi=fnd&pg=PR7&dq=%22(%22query+reformulation%22+)+++AND+++(++%22bug+localization%22++OR++%22concept+location%22++OR++%22feature+location%22++OR++%22concern+location%22++OR++%22code+search%22+++)%22&ots=WSzGttlIf2&sig=R0A5TZwwYtRGdTbGSWc9mXQk0DM","https://scholar.google.com/scholar?cites=8870996954663590059&as_sdt=2005&sciodt=0,5&hl=en",103,"2018-11-02","BOOK","","","",,,,,64,4.27,21,3,15
2,"MB Hackler, AJ Adipurwawidjana","On and Off the Page: Mapping Place in Text and Culture",2009,"","books.google.com","https://books.google.com/books?hl=en&lr=&id=xwQZBwAAQBAJ&oi=fnd&pg=PR5&dq=%22(%22query+reformulation%22+)+++AND+++(++%22bug+localization%22++OR++%22concept+location%22++OR++%22feature+location%22++OR++%22concern+location%22++OR++%22code+search%22+++)%22&ots=-EoedEj9c0&sig=pIaphop0sWj9AaMM4hab9IvcKB4","https://scholar.google.com/scholar?cites=12055553792899068668&as_sdt=2005&sciodt=0,5&hl=en",104,"2018-11-02","BOOK","","","",,,,,2,0.22,1,2,9
75,"C Parnin, S Rugaber","Resumption strategies for interrupted programming tasks",2011,"Software Quality Journal","Springer","https://link.springer.com/article/10.1007/s11219-010-9104-9","https://scholar.google.com/scholar?cites=2687787989475664873&as_sdt=2005&sciodt=0,5&hl=en",105,"2018-11-02","","","","",,,,,75,10.71,38,2,7
12,"ML Pupilli","Particle filtering for real-time camera localisation",2006,"","pdfs.semanticscholar.org","https://pdfs.semanticscholar.org/d91e/c68d4639913622a04fa1203d42b2838048bf.pdf","https://scholar.google.com/scholar?cites=926221182558632&as_sdt=2005&sciodt=0,5&hl=en",106,"2018-11-02","PDF","","","",,,,,12,1.00,12,1,12
243,"MR Richardson, RJ Ragno","… upon continuously-evolving search query that is based at least in part upon phrase suggestion, search engine uses previous result sets performing additional search …",2008,"US Patent 7,461,059","Google Patents","https://patents.google.com/patent/US7461059B2/en","https://scholar.google.com/scholar?cites=13406184773899196489&as_sdt=2005&sciodt=0,5&hl=en",107,"2018-11-02","","","","",,,,,243,24.30,122,2,10
15,"M Krishnan","Contemporary African literature in English: Global locations, postcolonial identifications",2014,"","books.google.com","https://books.google.com/books?hl=en&lr=&id=_wfeCgAAQBAJ&oi=fnd&pg=PP1&dq=%22(%22query+reformulation%22+)+++AND+++(++%22bug+localization%22++OR++%22concept+location%22++OR++%22feature+location%22++OR++%22concern+location%22++OR++%22code+search%22+++)%22&ots=ImoEfRbsDC&sig=wcdmmJl73WoAK2wcr4bgGaPxXZ8","https://scholar.google.com/scholar?cites=10544887187961341201&as_sdt=2005&sciodt=0,5&hl=en",108,"2018-11-02","BOOK","","","",,,,,15,3.75,15,1,4
9,"J Jonker","The Silence of the Dead: Ethical and Juridical Significances of the Exhumations at Prestwich Place, Cape Town, 2003-2005",2014,"","open.uct.ac.za","http://open.uct.ac.za/handle/11427/4675","https://scholar.google.com/scholar?cites=8922310376339927113&as_sdt=2005&sciodt=0,5&hl=en",109,"2018-11-02","","","","",,,,,9,2.25,9,1,4
0,"CT Kilgore","Familiar Places in Global Spaces: Networking and Place-making of American English Teachers in Sanlitun, Beijing",2011,"","rave.ohiolink.edu","http://rave.ohiolink.edu/etdc/view?acc_num=ohiou1308074052","",110,"2018-11-02","","","","",,,,,0,0.00,0,1,7
0,"SA Deringer","Mindful Place-based Education",2016,"","research.libraries.wsu.edu","https://research.libraries.wsu.edu:8443/xmlui/handle/2376/12104","",111,"2018-11-02","","","","",,,,,0,0.00,0,1,2
0,"SA Deringer","Mindful Place-based Education: Incorporating Mindfulness as a Tool for Place-based Educators",2016,"","research.libraries.wsu.edu","https://research.libraries.wsu.edu/xmlui/bitstream/handle/2376/12104/Deringer_wsu_0251E_11622.pdf?sequence=1&isAllowed=y","",112,"2018-11-02","BOOK","","","",,,,,0,0.00,0,1,2
0,"AG Cole","Adolescent geographies in the classroom: Interactions with place-and community-based education",2010,"","digitalrepository.unm.edu","http://digitalrepository.unm.edu/educ_llss_etds/8/","",113,"2018-11-02","","","","",,,,,0,0.00,0,1,8
284,"D Reiner, JM Miller, DC Wheat","Apparatus and method for decomposing database queries for database management system including multiprocessor digital data processing system",2001,"US Patent 6,289,334","Google Patents","https://patents.google.com/patent/US6289334B1/en","https://scholar.google.com/scholar?cites=7498425662688303338&as_sdt=2005&sciodt=0,5&hl=en",114,"2018-11-02","","","","",,,,,284,16.71,95,3,17
0,"AG andJames Ferguson","Discipline and Practice:“The Field” as Site, Method, and Location in Anthropology",,"uio.no","","https://www.uio.no/studier/emner/sv/sai/SOSANT1050/h16/pensumliste/gupta_ferguson_disciplin.pdf","",115,"2018-11-02","PDF","","","",,,,,0,0.00,0,1,
1,"JP Reinhalter","Intentional Communities: Place-Based Articulations of Social Critique",2014,"","scholarspace.manoa.hawaii.edu","https://scholarspace.manoa.hawaii.edu/handle/10125/101131","https://scholar.google.com/scholar?cites=8304924884157390653&as_sdt=2005&sciodt=0,5&hl=en",116,"2018-11-02","","","","",,,,,1,0.25,1,1,4
0,"LIS Team","Logical Information Systems",,"irisa.fr","","http://www.irisa.fr/LIS/common/documents/ra2008.pdf","",117,"2018-11-02","PDF","","","",,,,,0,0.00,0,1,
0,"SN Maher, T Lynch, D Wall, OA Weltzien","Thinking Continental: Writing the Planet One Place at a Time",2017,"","books.google.com","https://books.google.com/books?hl=en&lr=&id=02c6DwAAQBAJ&oi=fnd&pg=PR11&dq=%22(%22query+reformulation%22+)+++AND+++(++%22bug+localization%22++OR++%22concept+location%22++OR++%22feature+location%22++OR++%22concern+location%22++OR++%22code+search%22+++)%22&ots=GcpkQ1DC-V&sig=rwhi5LTWNaWS4FWzR1NinQbW6zw","",118,"2018-11-02","BOOK","","","",,,,,0,0.00,0,4,1
550,"G Matthews, DR Davies, RB Stammers, SJ Westerman","Human performance: Cognition, stress, and individual differences",2000,"","books.google.com","https://books.google.com/books?hl=en&lr=&id=0XrpulSM1HUC&oi=fnd&pg=PR11&dq=%22(%22query+reformulation%22+)+++AND+++(++%22bug+localization%22++OR++%22concept+location%22++OR++%22feature+location%22++OR++%22concern+location%22++OR++%22code+search%22+++)%22&ots=wbq5-R2ykh&sig=jDXSyF0YM0-XPqCFkmqSxEguByw","https://scholar.google.com/scholar?cites=10466816859685705360&as_sdt=2005&sciodt=0,5&hl=en",119,"2018-11-02","BOOK","","","",,,,,550,30.56,138,4,18
137,"D Spinellis","Code quality: the open source perspective",2006,"","books.google.com","https://books.google.com/books?hl=en&lr=&id=vEN-ckcdtCwC&oi=fnd&pg=PA1&dq=%22(%22query+reformulation%22+)+++AND+++(++%22bug+localization%22++OR++%22concept+location%22++OR++%22feature+location%22++OR++%22concern+location%22++OR++%22code+search%22+++)%22&ots=sI3k8a4NwF&sig=TTndm7xRD0Q4IV0qKqukKsGZ6z4","https://scholar.google.com/scholar?cites=8844630730275883066&as_sdt=2005&sciodt=0,5&hl=en",120,"2018-11-02","BOOK","","","",,,,,137,11.42,137,1,12
2779,"B Misztal","Trust in modern societies: The search for the bases of social order",2013,"","books.google.com","https://books.google.com/books?hl=en&lr=&id=zfIdAAAAQBAJ&oi=fnd&pg=PT6&dq=%22(%22query+reformulation%22+)+++AND+++(++%22bug+localization%22++OR++%22concept+location%22++OR++%22feature+location%22++OR++%22concern+location%22++OR++%22code+search%22+++)%22&ots=me4LYPbjHF&sig=g0l1iO62laHzbPvB5ZcxsnvFYlo","https://scholar.google.com/scholar?cites=8846422239472678702&as_sdt=2005&sciodt=0,5&hl=en",121,"2018-11-02","BOOK","","","",,,,,2779,555.80,2779,1,5
77,"MR Richardson, RJ Ragno","Dynamic client interaction for search",2013,"US Patent 8,554,755","Google Patents","https://patents.google.com/patent/US8554755B2/en","https://scholar.google.com/scholar?cites=11317081532899480699&as_sdt=2005&sciodt=0,5&hl=en",122,"2018-11-02","","","","",,,,,77,15.40,39,2,5
1457,"PCK Hung, VSY Cheng","Privacy",2009,"Encyclopedia of Database Systems","Springer","https://link.springer.com/content/pdf/10.1007/978-0-387-39940-9_274.pdf","https://scholar.google.com/scholar?cites=16770818869570180181&as_sdt=2005&sciodt=0,5&hl=en",123,"2018-11-02","","","","",,,,,1457,161.89,729,2,9
1,"REG Valencia","How Software Developers Solve Problems by Searching for Source Code on the Web: Studies on Judgments in Evaluation of Results and Information Use",2012,"","search.proquest.com","http://search.proquest.com/openview/4a2432da4cd7a6458881bd3985391616/1?pq-origsite=gscholar&cbl=18750&diss=y","https://scholar.google.com/scholar?cites=11777931106467865050&as_sdt=2005&sciodt=0,5&hl=en",124,"2018-11-02","BOOK","","","",,,,,1,0.17,1,1,6
0,"Z Arshad","Automated Debugging and Bug Fixing Solutions: A Systematic Literature Review and Classification",2013,"","diva-portal.org","http://www.diva-portal.org/smash/record.jsf?pid=diva2:830404","",125,"2018-11-02","","","","",,,,,0,0.00,0,1,5
0,"IJP Katoen","Jan Scherer",2010,"","Twente University","","",126,"2018-11-02","CITATION","","","",,,,,0,0.00,0,1,8
20,"M Khoo, C Hall","What would 'google'do? users' mental models of a digital library search engine",2012,"International Conference on Theory and Practice of …","Springer","https://link.springer.com/chapter/10.1007/978-3-642-33290-6_1","https://scholar.google.com/scholar?cites=9018708981796040905&as_sdt=2005&sciodt=0,5&hl=en",127,"2018-11-02","","","","",,,,,20,3.33,10,2,6
0,"M Gandelsman","Raymond and Beverly Sackler Faculty of Exact Science The Blavatnik School of Computer Science Tiesto-Source Code and Binary Preserving Unit-Tests …",2011,"","cs.tau.ac.il","http://www.cs.tau.ac.il/thesis/thesis/Gandelsman.Mille-MSc.pdf","",128,"2018-11-02","PDF","","","",,,,,0,0.00,0,1,7
0,"T Melnechuk","each one of us contains a set Of persons each will be: Oh, how I wish my own next self Would take the place of me!",2007,"… Thinking, Artificial Intelligence, and the Future of …","books.google.com","https://books.google.com/books?hl=en&lr=&id=OqbMnWDKIJ4C&oi=fnd&pg=PA298&dq=%22(%22query+reformulation%22+)+++AND+++(++%22bug+localization%22++OR++%22concept+location%22++OR++%22feature+location%22++OR++%22concern+location%22++OR++%22code+search%22+++)%22&ots=uEF6UxNdVq&sig=cuu3UClmLkUqAtIM9fnDbWvsCRU","",129,"2018-11-02","","","","",,,,,0,0.00,0,1,11
206,"HC Plotkin","The imagined world made real: Towards a natural science of culture",2003,"","books.google.com","https://books.google.com/books?hl=en&lr=&id=r0IheZQAGHQC&oi=fnd&pg=PR9&dq=%22(%22query+reformulation%22+)+++AND+++(++%22bug+localization%22++OR++%22concept+location%22++OR++%22feature+location%22++OR++%22concern+location%22++OR++%22code+search%22+++)%22&ots=Aq3JdA8s05&sig=SJzT2t42SwcJzJqzQbd5lsiBNKk","https://scholar.google.com/scholar?cites=5560069253780192175&as_sdt=2005&sciodt=0,5&hl=en",130,"2018-11-02","BOOK","","","",,,,,206,13.73,206,1,15
0,"S Mirghasemi","Querypoint Debugging (Semi-Automated Inspection of Buggy Execution)",2012,"","infoscience.epfl.ch","https://infoscience.epfl.ch/record/181543/files/EPFL_TH5533.pdf","",131,"2018-11-02","PDF","","","",,,,,0,0.00,0,1,6
1,"G Carrozza","Software faults Diagnosis in Complex, OTS-based, critical systems",2008,"","fedoa.unina.it","http://www.fedoa.unina.it/3321/1/GabriellaCarrozzaIngInfXXI.pdf","https://scholar.google.com/scholar?cites=3785068488178312791&as_sdt=2005&sciodt=0,5&hl=en",132,"2018-11-02","PDF","","","",,,,,1,0.10,1,1,10
87,"P Pyreddy, WB Croft","Systems and methods for retrieving tabular data from textual sources",1999,"US Patent 5,950,196","Google Patents","https://patents.google.com/patent/US5950196A/en","https://scholar.google.com/scholar?cites=4258551784483285184&as_sdt=2005&sciodt=0,5&hl=en",133,"2018-11-02","","","","",,,,,87,4.58,44,2,19
244,"AH Caron, L Caronia","Moving cultures: Mobile communication in everyday life",2007,"","books.google.com","https://books.google.com/books?hl=en&lr=&id=jSbVjC3OA94C&oi=fnd&pg=PR5&dq=%22(%22query+reformulation%22+)+++AND+++(++%22bug+localization%22++OR++%22concept+location%22++OR++%22feature+location%22++OR++%22concern+location%22++OR++%22code+search%22+++)%22&ots=qqMo-_AFJ5&sig=K_BE6h3pJgJ1HtNI8BXfJP_NNeM","https://scholar.google.com/scholar?cites=18237064100002616553&as_sdt=2005&sciodt=0,5&hl=en",134,"2018-11-02","BOOK","","","",,,,,244,22.18,122,2,11
306,"J Park, S Ram","Information systems interoperability: What lies beneath?",2004,"ACM Transactions on Information Systems (TOIS)","dl.acm.org","https://dl.acm.org/citation.cfm?id=1028103","https://scholar.google.com/scholar?cites=1995989703618881183&as_sdt=2005&sciodt=0,5&hl=en",135,"2018-11-02","","","","",,,,,306,21.86,153,2,14
95,"KA McHugh","American domesticity: from how-to manual to Hollywood melodrama",1999,"","books.google.com","https://books.google.com/books?hl=en&lr=&id=51vnCwAAQBAJ&oi=fnd&pg=PR9&dq=%22(%22query+reformulation%22+)+++AND+++(++%22bug+localization%22++OR++%22concept+location%22++OR++%22feature+location%22++OR++%22concern+location%22++OR++%22code+search%22+++)%22&ots=vHO_GonUp8&sig=sD1EJomf1HR4IE0ptPXKFsXSYrU","https://scholar.google.com/scholar?cites=12098433498101293840&as_sdt=2005&sciodt=0,5&hl=en",136,"2018-11-02","BOOK","","","",,,,,95,5.00,95,1,19
0,"S Shekhar, H Xiong","Distributed Localization",2008,"Encyclopedia of GIS","Springer","https://link.springer.com/content/pdf/10.1007/978-0-387-35973-1_319.pdf","",137,"2018-11-02","","","","",,,,,0,0.00,0,2,10
5,"L Jain, H Kumar, RK Singla","Improved fuzzy rule promotion-based localized crop knowledge dissemination system for farmers of Punjab (India) using mobile phone technology",2016,"Cybernetics and Systems","Taylor & Francis","https://www.tandfonline.com/doi/abs/10.1080/01969722.2016.1206769","https://scholar.google.com/scholar?cites=3169382337337960836&as_sdt=2005&sciodt=0,5&hl=en",138,"2018-11-02","","","","",,,,,5,2.50,2,3,2
1,"M Whiteford","Homelessness and citizenship: exploring the meaning and negotiation of place, space and geography for rough sleepers.",2010,"","eprints.bournemouth.ac.uk","http://eprints.bournemouth.ac.uk/15866/","https://scholar.google.com/scholar?cites=6268154157653737821&as_sdt=2005&sciodt=0,5&hl=en",139,"2018-11-02","","","","",,,,,1,0.13,1,1,8
58,"B Leuf","The semantic web: crafting infrastructure for agency",2006,"","books.google.com","https://books.google.com/books?hl=en&lr=&id=uLmd-219bVsC&oi=fnd&pg=PR7&dq=%22(%22query+reformulation%22+)+++AND+++(++%22bug+localization%22++OR++%22concept+location%22++OR++%22feature+location%22++OR++%22concern+location%22++OR++%22code+search%22+++)%22&ots=a-AmznWkFo&sig=bGdRtpte7rHS_efJrH71gK63MHM","https://scholar.google.com/scholar?cites=10486986788472114843&as_sdt=2005&sciodt=0,5&hl=en",140,"2018-11-02","BOOK","","","",,,,,58,4.83,58,1,12
0,"ND Peters","Spoken from this Urban Place, from These Dark Lips: Using Space, Place and Poetry to Investigate my Lived Experience as a Woman of African Descent in the New …",2014,"","yorkspace.library.yorku.ca","http://yorkspace.library.yorku.ca/xmlui/handle/10315/29856","",141,"2018-11-02","","","","",,,,,0,0.00,0,1,4
1,"A Fourney","Web Search, Web Tutorials & Software Applications: Characterizing and Supporting the Coordinated Use of Online Resources for Performing Work in Feature-Rich …",2015,"","uwspace.uwaterloo.ca","https://uwspace.uwaterloo.ca/handle/10012/9502","https://scholar.google.com/scholar?cites=7768272726009301949&as_sdt=2005&sciodt=0,5&hl=en",142,"2018-11-02","","","","",,,,,1,0.33,1,1,3
1,"EY Chang","Query Concept Learning",2011,"Foundations of Large-Scale Multimedia Information …","Springer","https://link.springer.com/chapter/10.1007/978-3-642-20429-6_3","https://scholar.google.com/scholar?cites=17333993049176548057&as_sdt=2005&sciodt=0,5&hl=en",143,"2018-11-02","","","","",,,,,1,0.14,1,1,7
0,"SK Dhillon, AS Sidhu","Data intensive computing for biodiversity",2013,"","Springer","https://link.springer.com/content/pdf/10.1007/978-3-642-38047-1.pdf","",144,"2018-11-02","BOOK","","","",,,,,0,0.00,0,2,5
78,"DA Manolescu, HJM Meijer, LJ Kern","Intent-aware search",2009,"US Patent App. 12/044,362","Google Patents","https://patents.google.com/patent/US20090228439A1/en","https://scholar.google.com/scholar?cites=6152978576841067167&as_sdt=2005&sciodt=0,5&hl=en",145,"2018-11-02","","","","",,,,,78,8.67,26,3,9
0,"G Stsenov","Mobiilsete otsinguülesannete mõõtmine Androidi platvormil",2011,"","dspace.ut.ee","http://dspace.ut.ee/handle/10062/32785","",146,"2018-11-02","","","","",,,,,0,0.00,0,1,7
0,"S Aljahdali","Relational peer to peer database management systems: A survey",2011,"Journal of Computational Methods in Sciences …","content.iospress.com","https://content.iospress.com/articles/journal-of-computational-methods-in-sciences-and-engineering/jcm00386","",147,"2018-11-02","","","","",,,,,0,0.00,0,1,7
0,"F Clancy","No place like home: trauma and the moral subject in contemporary Argentine cinema",2017,"","cora.ucc.ie","https://cora.ucc.ie/handle/10468/6820","",148,"2018-11-02","","","","",,,,,0,0.00,0,1,1
1,"E Jamin, V Montchev, K Pentchev","State of the art, concepts and specification for the “Early software architecture”",,"Khresmoi Public Deliverable D","academia.edu","http://www.academia.edu/download/28073204/khresmoid631.pdf","https://scholar.google.com/scholar?cites=795400989777860762&as_sdt=2005&sciodt=0,5&hl=en",149,"2018-11-02","PDF","","","",,,,,1,0.00,0,3,
12,"SS Mittra","Database performance tuning and optimization: Using Oracle",2002,"","books.google.com","https://books.google.com/books?hl=en&lr=&id=NVHdV0pT8YYC&oi=fnd&pg=PR7&dq=%22(%22query+reformulation%22+)+++AND+++(++%22bug+localization%22++OR++%22concept+location%22++OR++%22feature+location%22++OR++%22concern+location%22++OR++%22code+search%22+++)%22&ots=Cg46GjVpQ9&sig=RsewC_70kp1wmvJfKZqp8_wnt08","https://scholar.google.com/scholar?cites=11830770486769469446&as_sdt=2005&sciodt=0,5&hl=en",150,"2018-11-02","BOOK","","","",,,,,12,0.75,12,1,16
0,"C Rasche","Computer Vision I",,"pdfs.semanticscholar.org","","https://pdfs.semanticscholar.org/a96b/e73b1e2594ac497986e177eccc31e17aef58.pdf","",151,"2018-11-02","PDF","","","",,,,,0,0.00,0,1,
0,"S Sasani","The Place of Culture in English Language Teaching: An Exploration of Non-native ESOL Teachers' Attitudes towards Intercultural Competence",2018,"","etheses.whiterose.ac.uk","http://etheses.whiterose.ac.uk/20958/","",152,"2018-11-02","","","","",,,,,0,0.00,0,1,1
14,"E Van Couvering","Search engine bias: the structuration of traffic on the World-Wide Web",2010,"","etheses.lse.ac.uk","http://etheses.lse.ac.uk/id/eprint/41","https://scholar.google.com/scholar?cites=5138752579178808368&as_sdt=2005&sciodt=0,5&hl=en",153,"2018-11-02","","","","",,,,,14,1.75,14,1,8
8,"X Yan","Mining, indexing and similarity search in large graph data sets",2006,"","ideals.illinois.edu","http://www.ideals.illinois.edu/handle/2142/11256","https://scholar.google.com/scholar?cites=17995886120544331646&as_sdt=2005&sciodt=0,5&hl=en",154,"2018-11-02","","","","",,,,,8,0.67,8,1,12
0,"AS Wheeler","With place love begins--: the philosophy of Luce Irigaray, the issue of dwelling, feminism and architecure",2005,"","eprints.nottingham.ac.uk","http://eprints.nottingham.ac.uk/11386/","",155,"2018-11-02","","","","",,,,,0,0.00,0,1,13
2,"H Ekbia, L Gasser","Common Ground: For a Sociology of Code",,"Submitted to Information Technology and People …","researchgate.net","https://www.researchgate.net/profile/Hamid_Ekbia/publication/265097883_Common_Ground_For_a_Sociology_of_Code/links/54f063360cf25f74d7265a92.pdf","https://scholar.google.com/scholar?cites=5745304817765669608&as_sdt=2005&sciodt=0,5&hl=en",156,"2018-11-02","PDF","","","",,,,,2,0.00,1,2,
1,"SD Klee","Interactive Language-Based Task Library Instruction and Management for Single and Multiple Robots",2015,"","reports-archive.adm.cs.cmu.edu","http://reports-archive.adm.cs.cmu.edu/anon/anon/usr/ftp/2015/CMU-CS-15-114.pdf","https://scholar.google.com/scholar?cites=12486384864437903701&as_sdt=2005&sciodt=0,5&hl=en",157,"2018-11-02","PDF","","","",,,,,1,0.33,1,1,3
0,"JM Wozniak, P Brenner, S Chatterjee, D Thain…","GEMS: User Control for Cooperative Scientific Repositories",2011,"Grid Computing","Springer","https://link.springer.com/chapter/10.1007/978-0-85729-676-4_3","",158,"2018-11-02","","","","",,,,,0,0.00,0,5,7
2,"T Diamantopoulos, A Symeonidis","Localizing Software Bugs using the Edit Distance of Call Traces",2014,"International Journal on …","issel.ee.auth.gr","https://issel.ee.auth.gr/wp-content/uploads/2017/01/Localizing-Software-Bugs-using-the-Edit-Distance-of-Call-Traces.pdf","https://scholar.google.com/scholar?cites=17819912889499245783&as_sdt=2005&sciodt=0,5&hl=en",159,"2018-11-02","PDF","","","",,,,,2,0.50,1,2,4
1431,"NK Denzin","Symbolic interactionism and cultural studies: The politics of interpretation",2008,"","books.google.com","https://books.google.com/books?hl=en&lr=&id=EgDM_zn7EZYC&oi=fnd&pg=PP2&dq=%22(%22query+reformulation%22+)+++AND+++(++%22bug+localization%22++OR++%22concept+location%22++OR++%22feature+location%22++OR++%22concern+location%22++OR++%22code+search%22+++)%22&ots=llt8VRRDm1&sig=r1kmxm4DOM_ldk9rmv9BaDIExGc","https://scholar.google.com/scholar?cites=8934904456339031011&as_sdt=2005&sciodt=0,5&hl=en",160,"2018-11-02","BOOK","","","",,,,,1431,143.10,1431,1,10
300,"EB Weininger","Foundations of Pierre Bourdieu's class analysis",2005,"Approaches to class analysis","books.google.com","https://books.google.com/books?hl=en&lr=&id=GRu3tXAG9i8C&oi=fnd&pg=PA82&dq=%22(%22query+reformulation%22+)+++AND+++(++%22bug+localization%22++OR++%22concept+location%22++OR++%22feature+location%22++OR++%22concern+location%22++OR++%22code+search%22+++)%22&ots=MjbXcjvJs4&sig=tRLybC_FHSYAddhtB0KTSMy2Vc8","https://scholar.google.com/scholar?cites=1150566875399848706&as_sdt=2005&sciodt=0,5&hl=en",161,"2018-11-02","","","","",,,,,300,23.08,300,1,13
4,"J Farman","Foundations of mobile media studies: Essential texts on the formation of a field",2015,"","books.google.com","https://books.google.com/books?hl=en&lr=&id=fmH-CgAAQBAJ&oi=fnd&pg=PP1&dq=%22(%22query+reformulation%22+)+++AND+++(++%22bug+localization%22++OR++%22concept+location%22++OR++%22feature+location%22++OR++%22concern+location%22++OR++%22code+search%22+++)%22&ots=dM-7l1tdSP&sig=tj6DOjgodoDCbjtn92lDvaGRju4","https://scholar.google.com/scholar?cites=5154210858283493193&as_sdt=2005&sciodt=0,5&hl=en",162,"2018-11-02","BOOK","","","",,,,,4,1.33,4,1,3
1,"D Taraborelli","Basic features in vision. An analysis of constraints on perceptually relevant sensory properties.",2005,"","halshs.archives-ouvertes.fr","https://halshs.archives-ouvertes.fr/tel-00350276/","https://scholar.google.com/scholar?cites=11213795126422837269&as_sdt=2005&sciodt=0,5&hl=en",163,"2018-11-02","","","","",,,,,1,0.08,1,1,13
5,"TV Nguyen","Automating program verification and repair using invariant analysis and test input generation",2010,"","digitalrepository.unm.edu","http://digitalrepository.unm.edu/cs_etds/44/","https://scholar.google.com/scholar?cites=6350937162313005908&as_sdt=2005&sciodt=0,5&hl=en",164,"2018-11-02","","","","",,,,,5,0.63,5,1,8
2,"NA Smithwick","Code theory and changing pedagogic discourse",2001,"","tspace.library.utoronto.ca","https://tspace.library.utoronto.ca/bitstream/1807/15502/1/MQ58890.pdf","https://scholar.google.com/scholar?cites=4664255693712011752&as_sdt=2005&sciodt=0,5&hl=en",165,"2018-11-02","PDF","","","",,,,,2,0.12,2,1,17
24,"P Casanova, D Garlan, B Schmerl…","Diagnosing architectural run-time failures",2013,"Proceedings of the 8th …","dl.acm.org","https://dl.acm.org/citation.cfm?id=2487354","https://scholar.google.com/scholar?cites=2269291053983000400&as_sdt=2005&sciodt=0,5&hl=en",166,"2018-11-02","","","","",,,,,24,4.80,6,4,5
877,"T Sider","Writing the Book of the World",2013,"","books.google.com","https://books.google.com/books?hl=en&lr=&id=Y3amAgAAQBAJ&oi=fnd&pg=PP1&dq=%22(%22query+reformulation%22+)+++AND+++(++%22bug+localization%22++OR++%22concept+location%22++OR++%22feature+location%22++OR++%22concern+location%22++OR++%22code+search%22+++)%22&ots=XubbA1UXx1&sig=yhLoBCSyZ41W3dUXJ4TAAkY0o5Y","https://scholar.google.com/scholar?cites=1527336081675109056&as_sdt=2005&sciodt=0,5&hl=en",167,"2018-11-02","BOOK","","","",,,,,877,175.40,877,1,5
7,"TJ Biggerstaff","Automated synchronization of design features in disparate code components using type differencing",2014,"US Patent 8,713,515","Google Patents","https://patents.google.com/patent/US8713515B1/en","https://scholar.google.com/scholar?cites=17073846584945825372&as_sdt=2005&sciodt=0,5&hl=en",168,"2018-11-02","","","","",,,,,7,1.75,7,1,4
0,"SD Klee","DRAFT June 16 Interactive Language-Based Task Library Instruction and Management for Single and Multiple Robots",2015,"","pdfs.semanticscholar.org","https://pdfs.semanticscholar.org/8a00/aa87a1442b80a2c02bb3b4fa89db9e7286c7.pdf","",169,"2018-11-02","PDF","","","",,,,,0,0.00,0,1,3
11,"MM Peuramaki-Brown","The integration and disintegration of ancient Maya urban centres: charting households and community at Buenavista del Cayo, Belize",2012,"","prism.ucalgary.ca","https://prism.ucalgary.ca/handle/11023/339","https://scholar.google.com/scholar?cites=9354080281478405724&as_sdt=2005&sciodt=0,5&hl=en",170,"2018-11-02","","","","",,,,,11,1.83,11,1,6
492,"T Kirk, AY Levy","User interface for information retrieval system",1998,"US Patent 5,768,578","Google Patents","https://patents.google.com/patent/US5768578A/en","https://scholar.google.com/scholar?cites=15551655447047243170&as_sdt=2005&sciodt=0,5&hl=en",171,"2018-11-02","","","","",,,,,492,24.60,246,2,20
0,"C van Ingen","GAMBLING ON THE EDGE",2006,"Claiming Space: Racialization in Canadian Cities","books.google.com","https://books.google.com/books?hl=en&lr=&id=4-50CwAAQBAJ&oi=fnd&pg=PA153&dq=%22(%22query+reformulation%22+)+++AND+++(++%22bug+localization%22++OR++%22concept+location%22++OR++%22feature+location%22++OR++%22concern+location%22++OR++%22code+search%22+++)%22&ots=gLfuzxilNV&sig=I9pWM96Cwx-WaYFiH21jUESj0Uc","",172,"2018-11-02","","","","",,,,,0,0.00,0,1,12
237,"MA Alsheikh, S Lin, D Niyato…","Machine learning in wireless sensor networks: Algorithms, strategies, and applications",2014,"… Surveys & Tutorials","ieeexplore.ieee.org","https://ieeexplore.ieee.org/abstract/document/6805162/","https://scholar.google.com/scholar?cites=13120702276497767700&as_sdt=2005&sciodt=0,5&hl=en",173,"2018-11-02","","","","",,,,,237,59.25,59,4,4
1,"M Martinez","Extraction and analysis of knowledge for automatic software repair",2014,"","hal.archives-ouvertes.fr","https://hal.archives-ouvertes.fr/tel-01078911/","https://scholar.google.com/scholar?cites=790634563649265823&as_sdt=2005&sciodt=0,5&hl=en",174,"2018-11-02","","","","",,,,,1,0.25,1,1,4
1,"A Tomović","Implementing Lensless Cameras in Autonomous Robotic Systems",2014,"","repository.stcloudstate.edu","http://repository.stcloudstate.edu/csit_etds/1/","https://scholar.google.com/scholar?cites=5246264515320013928&as_sdt=2005&sciodt=0,5&hl=en",175,"2018-11-02","","","","",,,,,1,0.25,1,1,4
1,"G Wiederhold","Intelligent Integration of Information: A Special Double Issue of the Journal of Intelligent Information Sytems Volume 6, Numbers 2/3 May, 1996",2012,"","books.google.com","https://books.google.com/books?hl=en&lr=&id=kSPSBwAAQBAJ&oi=fnd&pg=PA6&dq=%22(%22query+reformulation%22+)+++AND+++(++%22bug+localization%22++OR++%22concept+location%22++OR++%22feature+location%22++OR++%22concern+location%22++OR++%22code+search%22+++)%22&ots=6Ya213qQrE&sig=wuG0ztOOClH0YtfO9veWBeoyxc8","https://scholar.google.com/scholar?cites=10805822740714109637&as_sdt=2005&sciodt=0,5&hl=en",176,"2018-11-02","BOOK","","","",,,,,1,0.17,1,1,6
0,"M Borja","Automatic software repair of C programs with genetic programming and fix patterns",2015,"","elib.uni-stuttgart.de","http://elib.uni-stuttgart.de/handle/11682/9789","",177,"2018-11-02","","","","",,,,,0,0.00,0,1,3
0,"M Mullinax","It's about being a resident of a place: A case study of practicing civic engagement through community-based art and oral history in Harlan County, Kentucky",2012,"","search.proquest.com","http://search.proquest.com/openview/d088e7d6f59f3fb9c8fc51cc5c5dafbd/1?pq-origsite=gscholar&cbl=18750&diss=y","",178,"2018-11-02","BOOK","","","",,,,,0,0.00,0,1,6
8,"P Bagga, R Hans","Applications of mobile agents in healthcare domain: a literature survey",2015,"International Journal of Grid Distribution …","academia.edu","http://www.academia.edu/download/39769169/IJGDC.pdf","https://scholar.google.com/scholar?cites=5833659657298023905&as_sdt=2005&sciodt=0,5&hl=en",179,"2018-11-02","PDF","","","",,,,,8,2.67,4,2,3
5,"J Hays","Large scale scene matching for graphics and vision",2009,"","search.proquest.com","http://search.proquest.com/openview/78566fcf94eec694077fff51419c1fcb/1?pq-origsite=gscholar&cbl=18750&diss=y","https://scholar.google.com/scholar?cites=3170014094089539722&as_sdt=2005&sciodt=0,5&hl=en",180,"2018-11-02","","","","",,,,,5,0.56,5,1,9
71,"HR Ekbia","Digital artifacts as quasi‐objects: Qualification, mediation, and materiality",2009,"Journal of the American Society for Information …","Wiley Online Library","https://onlinelibrary.wiley.com/doi/abs/10.1002/asi.21189","https://scholar.google.com/scholar?cites=15672021957796699669&as_sdt=2005&sciodt=0,5&hl=en",181,"2018-11-02","","","","",,,,,71,7.89,71,1,9
14,"A Mahmoud, N Niu","Supporting requirements to code traceability through refactoring",2014,"Requirements Engineering","Springer","https://link.springer.com/article/10.1007/s00766-013-0197-0","https://scholar.google.com/scholar?cites=10345577981780294783&as_sdt=2005&sciodt=0,5&hl=en",182,"2018-11-02","","","","",,,,,14,3.50,7,2,4
277,"M Van Lambalgen, F Hamm","The proper treatment of events",2008,"","books.google.com","https://books.google.com/books?hl=en&lr=&id=k5a-UB7basEC&oi=fnd&pg=PR5&dq=%22(%22query+reformulation%22+)+++AND+++(++%22bug+localization%22++OR++%22concept+location%22++OR++%22feature+location%22++OR++%22concern+location%22++OR++%22code+search%22+++)%22&ots=whsTSv7mJw&sig=8WWV4_iZPB5jCgevGT8kP6g6OSg","https://scholar.google.com/scholar?cites=11106781995386964068&as_sdt=2005&sciodt=0,5&hl=en",183,"2018-11-02","BOOK","","","",,,,,277,27.70,139,2,10
6,"NV Bruno, DK Byron, I Julius Goth…","Machine Learning Model for Level-Based Categorization of Natural Language Parameters",2016,"US Patent App. 14 …","Google Patents","https://patents.google.com/patent/US20160071022A1/en","https://scholar.google.com/scholar?cites=10600345581550459884&as_sdt=2005&sciodt=0,5&hl=en",184,"2018-11-02","","","","",,,,,6,3.00,2,4,2
615,"S Edelman","Representation and recognition in vision",1999,"","books.google.com","https://books.google.com/books?hl=en&lr=&id=g4T-gP7JCXIC&oi=fnd&pg=PR13&dq=%22(%22query+reformulation%22+)+++AND+++(++%22bug+localization%22++OR++%22concept+location%22++OR++%22feature+location%22++OR++%22concern+location%22++OR++%22code+search%22+++)%22&ots=2rvq1Qwzvw&sig=ZiV1tqC-Jix_kcx82ctjxVTXQxQ","https://scholar.google.com/scholar?cites=11864133415170781565&as_sdt=2005&sciodt=0,5&hl=en",185,"2018-11-02","BOOK","","","",,,,,615,32.37,615,1,19
0,"SB Marston","Intimate collisions: Identity, community, and place in the Kansas dirt-track auto racing sphere",2016,"","search.proquest.com","http://search.proquest.com/openview/273b7d3c53d2e906c0ed074cfbdc13fe/1?pq-origsite=gscholar&cbl=18750&diss=y","",186,"2018-11-02","","","","",,,,,0,0.00,0,1,2
6,"Y Li","Semantic image similarity based on deep knowledge for effective image retrieval",2014,"","repository.hkbu.edu.hk","https://repository.hkbu.edu.hk/etd_oa/99/","https://scholar.google.com/scholar?cites=679979799080118066&as_sdt=2005&sciodt=0,5&hl=en",187,"2018-11-02","","","","",,,,,6,1.50,6,1,4
90,"PJ Kalbfleisch","Personal mediated communication and the concept of community in theory and practice",2004,"Communication yearbook 28","taylorfrancis.com","https://www.taylorfrancis.com/books/e/9781135608811/chapters/10.4324%2F9781410610690-16","https://scholar.google.com/scholar?cites=10445710399788856784&as_sdt=2005&sciodt=0,5&hl=en",188,"2018-11-02","","","","",,,,,90,6.43,90,1,14
3,"M Ramlagan","(Re) Placing Nation: Postcolonial Women's Contestations of Spatial Discourse",2011,"","scholarlyrepository.miami.edu","https://scholarlyrepository.miami.edu/oa_dissertations/596/","https://scholar.google.com/scholar?cites=12817836103584363694&as_sdt=2005&sciodt=0,5&hl=en",189,"2018-11-02","","","","",,,,,3,0.43,3,1,7
77,"H Lindahl","Fault lines of globalization: Legal order and the politics of a-legality",2013,"","books.google.com","https://books.google.com/books?hl=en&lr=&id=Td_iAAAAQBAJ&oi=fnd&pg=PP1&dq=%22(%22query+reformulation%22+)+++AND+++(++%22bug+localization%22++OR++%22concept+location%22++OR++%22feature+location%22++OR++%22concern+location%22++OR++%22code+search%22+++)%22&ots=0aAT_w7r-X&sig=JdGFdzrIpWQ_xLimvj-F6ZEL-yg","https://scholar.google.com/scholar?cites=9059678283781663829&as_sdt=2005&sciodt=0,5&hl=en",190,"2018-11-02","BOOK","","","",,,,,77,15.40,77,1,5
47,"W Dissanayake","Globalization and the experience of culture: The resilience of nationhood",2006,"Globalization, cultural identities, and media …","books.google.com","https://books.google.com/books?hl=en&lr=&id=GWyF18r-tR4C&oi=fnd&pg=PA25&dq=%22(%22query+reformulation%22+)+++AND+++(++%22bug+localization%22++OR++%22concept+location%22++OR++%22feature+location%22++OR++%22concern+location%22++OR++%22code+search%22+++)%22&ots=cA3vZhOjye&sig=lxDnYlkTrNRQa0mR7mcPhLKb5rc","https://scholar.google.com/scholar?cites=2118285885616824936&as_sdt=2005&sciodt=0,5&hl=en",191,"2018-11-02","","","","",,,,,47,3.92,47,1,12
2,"P Kesseli","Loop Analysis and Transformation towards STL Algorithms",2010,"","eprints.hsr.ch","https://eprints.hsr.ch/287/","https://scholar.google.com/scholar?cites=14353375769637516035&as_sdt=2005&sciodt=0,5&hl=en",192,"2018-11-02","","","","",,,,,2,0.25,2,1,8
5,"CM Colomb","Staging urban change, reimaging the city: The politics of place marketing in the'New Berlin'(1989-2004)",2008,"","search.proquest.com","http://search.proquest.com/openview/2bd6b045a6a3b1c859f3bfa73cf75ab0/1?pq-origsite=gscholar&cbl=2026366&diss=y","https://scholar.google.com/scholar?cites=13599418215092901139&as_sdt=2005&sciodt=0,5&hl=en",193,"2018-11-02","BOOK","","","",,,,,5,0.50,5,1,10
1,"R Hayek","Data Localization and Summarization Techniques in P2P Systems",2009,"","Citeseer","http://citeseerx.ist.psu.edu/viewdoc/download?doi=10.1.1.427.5361&rep=rep1&type=pdf","https://scholar.google.com/scholar?cites=5288046674891813001&as_sdt=2005&sciodt=0,5&hl=en",194,"2018-11-02","PDF","","","",,,,,1,0.11,1,1,9
27,"G Bleser","Towards visual-inertial slam for mobile augmented reality",2009,"","pdfs.semanticscholar.org","https://pdfs.semanticscholar.org/b681/2120455cb716ff1b5c3f29efaa16353636e3.pdf","https://scholar.google.com/scholar?cites=7753642598737058384&as_sdt=2005&sciodt=0,5&hl=en",195,"2018-11-02","BOOK","","","",,,,,27,3.00,27,1,9
775,"D Harvey","Cosmopolitanism and the Geographies of Freedom",2009,"","books.google.com","https://books.google.com/books?hl=en&lr=&id=QIYULAfbAcUC&oi=fnd&pg=PP8&dq=%22(%22query+reformulation%22+)+++AND+++(++%22bug+localization%22++OR++%22concept+location%22++OR++%22feature+location%22++OR++%22concern+location%22++OR++%22code+search%22+++)%22&ots=LeFeu357MZ&sig=q-xt7NW3-lsGtemFC-DCqjBgbRM","https://scholar.google.com/scholar?cites=2274029926290946623&as_sdt=2005&sciodt=0,5&hl=en",196,"2018-11-02","BOOK","","","",,,,,775,86.11,775,1,9
5,"MC Jones","Remix and reuse of source code in software production",2011,"","ideals.illinois.edu","http://www.ideals.illinois.edu/handle/2142/18255","https://scholar.google.com/scholar?cites=15348952244940072589&as_sdt=2005&sciodt=0,5&hl=en",197,"2018-11-02","","","","",,,,,5,0.71,5,1,7
0,"LS Passos","Spectrum-Based Fault Diagnosis in Multi-Agent Systems",2015,"","repositorio-aberto.up.pt","https://repositorio-aberto.up.pt/bitstream/10216/81978/2/37705.pdf","",198,"2018-11-02","PDF","","","",,,,,0,0.00,0,1,3
18,"EY Chang","Foundations of large-scale multimedia information management and retrieval: mathematics of perception",2011,"","books.google.com","https://books.google.com/books?hl=en&lr=&id=paxa5CsNtnwC&oi=fnd&pg=PR4&dq=%22(%22query+reformulation%22+)+++AND+++(++%22bug+localization%22++OR++%22concept+location%22++OR++%22feature+location%22++OR++%22concern+location%22++OR++%22code+search%22+++)%22&ots=p5hIMT1Ql2&sig=buqQK4rFqsM-X-PFzYo0ayGuHWQ","https://scholar.google.com/scholar?cites=13778944310748986265&as_sdt=2005&sciodt=0,5&hl=en",199,"2018-11-02","BOOK","","","",,,,,18,2.57,18,1,7
2,"E De Quincey, P Kostkova, D Farrell","Visualising web server logs for a Web 1.0 audience using Web 2.0 technologies: eliciting attributes for recommendation and profiling systems",2009,"… and Personalization for Web …","academia.edu","http://www.academia.edu/download/30688829/Dattolo-apweb2009.pdf#page=79","https://scholar.google.com/scholar?cites=3114553013295347246&as_sdt=2005&sciodt=0,5&hl=en",200,"2018-11-02","PDF","","","",,,,,2,0.22,1,3,9
